match_id,league,date,matchday,home_team,away_team,xg_home,xg_away,p_home_win,p_draw,p_away_win,most_likely_score,prediction,confidence
560594,pl,2026-10-11,6,Hull City AFC,Everton FC,1.09,0.76,0.418,0.3444,0.2375,0-0,H,0.418
560596,pl,2026-10-11,6,Crystal Palace FC,Nottingham Forest FC,1.26,1.19,0.3684,0.3001,0.3315,1-1,H,0.3684
560598,pl,2026-10-11,6,Liverpool FC,Manchester City FC,1.43,1.57,0.3353,0.2656,0.3991,1-1,A,0.3991
560597,pl,2026-10-12,6,Coventry City FC,Newcastle United FC,0.9,1.53,0.2093,0.2836,0.5071,1-1,A,0.5071
560603,pl,2026-10-17,7,Everton FC,Chelsea FC,1.32,1.29,0.3621,0.2899,0.348,1-1,H,0.3621
560602,pl,2026-10-17,7,Fulham FC,Hull City AFC,1.0,1.02,0.3255,0.335,0.3395,1-1,A,0.3395
560610,pl,2026-10-17,7,Manchester City FC,Ipswich Town FC,3.12,0.73,0.8331,0.116,0.0509,3-0,H,0.8331
560611,pl,2026-10-17,7,Brentford FC,Liverpool FC,1.51,1.55,0.3611,0.2634,0.3755,1-1,A,0.3755
560607,pl,2026-10-17,7,Newcastle United FC,Aston Villa FC,1.77,1.37,0.4591,0.2535,0.2873,1-1,H,0.4591
560608,pl,2026-10-18,7,Nottingham Forest FC,Arsenal FC,0.85,1.47,0.203,0.2907,0.5063,1-1,A,0.5063
560604,pl,2026-10-18,7,AFC Bournemouth,Sunderland AFC,1.55,1.02,0.4847,0.2796,0.2357,1-1,H,0.4847
560605,pl,2026-10-18,7,Leeds United FC,Manchester United FC,1.41,1.24,0.3968,0.2855,0.3177,1-1,H,0.3968
560609,pl,2026-10-18,7,Brighton & Hove Albion FC,Crystal Palace FC,1.86,1.02,0.5603,0.2472,0.1926,1-1,H,0.5603
560606,pl,2026-10-19,7,Tottenham Hotspur FC,Coventry City FC,1.52,0.77,0.5379,0.2843,0.1779,1-0,H,0.5379
560620,pl,2026-10-23,8,Ipswich Town FC,Nottingham Forest FC,1.15,1.61,0.2598,0.2715,0.4687,1-1,A,0.4687
560614,pl,2026-10-24,8,Aston Villa FC,Manchester City FC,1.2,1.77,0.2469,0.2567,0.4964,1-1,A,0.4964
560616,pl,2026-10-24,8,Arsenal FC,Everton FC,1.68,0.62,0.6218,0.2566,0.1216,1-0,H,0.6218
560618,pl,2026-10-24,8,Coventry City FC,Fulham FC,0.86,1.17,0.2566,0.3287,0.4147,1-1,A,0.4147
560617,pl,2026-10-24,8,Chelsea FC,Tottenham Hotspur FC,2.06,1.19,0.5655,0.2303,0.2042,1-1,H,0.5655
560621,pl,2026-10-25,8,Sunderland AFC,Leeds United FC,1.12,1.14,0.3396,0.3146,0.3458,1-1,A,0.3458
560613,pl,2026-10-25,8,Crystal Palace FC,Newcastle United FC,1.42,1.5,0.3465,0.2712,0.3823,1-1,A,0.3823
560615,pl,2026-10-25,8,Manchester United FC,AFC Bournemouth,1.73,1.26,0.4737,0.2593,0.267,1-1,H,0.4737
560619,pl,2026-10-25,8,Hull City AFC,Brentford FC,1.25,1.01,0.4043,0.3117,0.2841,1-1,H,0.4043
560612,pl,2026-10-25,8,Liverpool FC,Brighton & Hove Albion FC,1.81,1.28,0.488,0.2523,0.2598,1-1,H,0.488
560628,pl,2026-10-31,9,Aston Villa FC,Fulham FC,1.63,1.09,0.4862,0.271,0.2428,1-1,H,0.4862
560625,pl,2026-10-31,9,Coventry City FC,Sunderland AFC,0.84,1.06,0.2704,0.3428,0.3867,0-0,A,0.3867
560624,pl,2026-10-31,9,AFC Bournemouth,Leeds United FC,1.45,1.19,0.4175,0.2851,0.2975,1-1,H,0.4175
560627,pl,2026-10-31,9,Tottenham Hotspur FC,Crystal Palace FC,1.49,1.22,0.422,0.2807,0.2973,1-1,H,0.422
560629,pl,2026-10-31,9,Hull City AFC,Ipswich Town FC,1.8,0.73,0.6185,0.2458,0.1357,1-0,H,0.6185
560630,pl,2026-10-31,9,Brentford FC,Nottingham Forest FC,1.58,1.12,0.4689,0.2749,0.2562,1-1,H,0.4689
560626,pl,2026-10-31,9,Chelsea FC,Manchester United FC,1.82,1.41,0.4625,0.2493,0.2882,1-1,H,0.4625
560623,pl,2026-10-31,9,Manchester City FC,Brighton & Hove Albion FC,2.04,1.06,0.5911,0.2298,0.1791,1-1,H,0.5911
560631,pl,2026-11-01,9,Liverpool FC,Arsenal FC,1.17,1.4,0.2995,0.2896,0.4109,1-1,A,0.4109
560622,pl,2026-11-02,9,Newcastle United FC,Everton FC,1.53,1.07,0.4643,0.2816,0.2541,1-1,H,0.4643
560634,pl,2026-11-06,10,Everton FC,Coventry City FC,1.36,0.6,0.5429,0.3055,0.1516,1-0,H,0.5429
560633,pl,2026-11-07,10,Fulham FC,Newcastle United FC,1.41,1.43,0.3588,0.2752,0.366,1-1,A,0.366
560632,pl,2026-11-07,10,Leeds United FC,Tottenham Hotspur FC,1.6,1.05,0.4898,0.2746,0.2357,1-1,H,0.4898
560640,pl,2026-11-07,10,Arsenal FC,Hull City AFC,1.44,0.61,0.5602,0.2931,0.1467,1-0,H,0.5602
560641,pl,2026-11-07,10,Nottingham Forest FC,Manchester City FC,1.03,1.65,0.2254,0.2695,0.5052,1-1,A,0.5052
560639,pl,2026-11-08,10,Manchester United FC,Aston Villa FC,1.69,1.29,0.4565,0.2619,0.2816,1-1,H,0.4565
560638,pl,2026-11-08,10,Brighton & Hove Albion FC,Brentford FC,1.76,1.28,0.4756,0.2568,0.2676,1-1,H,0.4756
560635,pl,2026-11-08,10,Crystal Palace FC,Liverpool FC,1.21,1.64,0.2691,0.268,0.4629,1-1,A,0.4629
560636,pl,2026-11-08,10,Sunderland AFC,Chelsea FC,1.28,1.47,0.3166,0.2799,0.4035,1-1,A,0.4035
560637,pl,2026-11-08,10,Ipswich Town FC,AFC Bournemouth,1.27,1.82,0.2551,0.2516,0.4933,1-1,A,0.4933
560643,pl,2026-11-21,11,Manchester City FC,Fulham FC,2.19,0.8,0.682,0.2038,0.1142,2-0,H,0.682
560642,pl,2026-11-21,11,Chelsea FC,Leeds United FC,1.69,1.2,0.4769,0.2636,0.2595,1-1,H,0.4769
560644,pl,2026-11-21,11,Aston Villa FC,Sunderland AFC,1.6,1.0,0.5011,0.2754,0.2235,1-1,H,0.5011
560647,pl,2026-11-21,11,AFC Bournemouth,Nottingham Forest FC,1.48,1.16,0.4319,0.2832,0.2849,1-1,H,0.4319
560648,pl,2026-11-21,11,Tottenham Hotspur FC,Ipswich Town FC,2.02,1.11,0.5748,0.2328,0.1924,1-1,H,0.5748
560650,pl,2026-11-21,11,Coventry City FC,Crystal Palace FC,0.9,1.17,0.2682,0.3265,0.4054,1-1,A,0.4054
560651,pl,2026-11-21,11,Newcastle United FC,Arsenal FC,1.06,1.65,0.233,0.2694,0.4975,1-1,A,0.4975
560645,pl,2026-11-22,11,Liverpool FC,Manchester United FC,1.91,1.21,0.5256,0.2442,0.2302,1-1,H,0.5256
560646,pl,2026-11-22,11,Hull City AFC,Brighton & Hove Albion FC,1.18,1.06,0.3733,0.3155,0.3112,1-1,H,0.3733
560649,pl,2026-11-23,11,Brentford FC,Everton FC,1.46,1.01,0.4618,0.2895,0.2487,1-1,H,0.4618
560658,pl,2026-11-27,12,Nottingham Forest FC,Chelsea FC,1.46,1.4,0.3762,0.2746,0.3491,1-1,H,0.3762
560655,pl,2026-11-28,12,Manchester United FC,Brentford FC,1.66,1.35,0.4385,0.2624,0.2991,1-1,H,0.4385
560652,pl,2026-11-28,12,Leeds United FC,Coventry City FC,1.54,0.63,0.5806,0.2788,0.1407,1-0,H,0.5806
560653,pl,2026-11-28,12,Ipswich Town FC,Aston Villa FC,1.24,1.87,0.2411,0.2477,0.5111,1-1,A,0.5111
560654,pl,2026-11-29,12,Arsenal FC,Manchester City FC,1.44,1.06,0.4438,0.2906,0.2657,1-1,H,0.4438
560661,pl,2026-11-29,12,Crystal Palace FC,Hull City AFC,1.0,1.07,0.3159,0.3305,0.3536,1-1,A,0.3536
560660,pl,2026-11-29,12,Sunderland AFC,Tottenham Hotspur FC,1.37,1.12,0.4116,0.2945,0.2939,1-1,H,0.4116
560659,pl,2026-11-29,12,Brighton & Hove Albion FC,Newcastle United FC,1.86,1.33,0.488,0.2476,0.2644,1-1,H,0.488
560656,pl,2026-11-29,12,Everton FC,Liverpool FC,1.13,1.35,0.3006,0.296,0.4034,1-1,A,0.4034
560657,pl,2026-11-29,12,Fulham FC,AFC Bournemouth,1.39,1.28,0.3821,0.2854,0.3325,1-1,H,0.3821
560666,pl,2026-12-02,13,Aston Villa FC,Everton FC,1.4,1.03,0.442,0.2953,0.2627,1-1,H,0.442
560662,pl,2026-12-02,13,Tottenham Hotspur FC,Fulham FC,1.42,1.21,0.4052,0.286,0.3087,1-1,H,0.4052
560671,pl,2026-12-02,13,AFC Bournemouth,Brighton & Hove Albion FC,1.48,1.47,0.3667,0.2692,0.3641,1-1,H,0.3667
560663,pl,2026-12-02,13,Liverpool FC,Sunderland AFC,1.9,0.89,0.6021,0.2396,0.1583,1-1,H,0.6021
560665,pl,2026-12-02,13,Chelsea FC,Crystal Palace FC,1.94,1.13,0.5512,0.241,0.2078,1-1,H,0.5512
560668,pl,2026-12-02,13,Coventry City FC,Ipswich Town FC,1.23,1.06,0.3843,0.311,0.3047,1-1,H,0.3843
560669,pl,2026-12-02,13,Manchester City FC,Leeds United FC,2.0,0.85,0.6308,0.2276,0.1415,2-0,H,0.6308
560670,pl,2026-12-02,13,Newcastle United FC,Manchester United FC,1.74,1.42,0.4408,0.2547,0.3045,1-1,H,0.4408
560664,pl,2026-12-02,13,Hull City AFC,Nottingham Forest FC,1.18,0.84,0.4263,0.3279,0.2458,0-0,H,0.4263
560667,pl,2026-12-02,13,Brentford FC,Arsenal FC,1.02,1.56,0.2359,0.2795,0.4846,1-1,A,0.4846
560679,pl,2026-12-05,14,Aston Villa FC,Crystal Palace FC,1.7,1.09,0.5045,0.2636,0.2318,1-1,H,0.5045
560681,pl,2026-12-05,14,Everton FC,Fulham FC,1.27,0.94,0.4271,0.3125,0.2604,1-1,H,0.4271
560677,pl,2026-12-05,14,Brentford FC,Manchester City FC,1.25,1.74,0.263,0.2584,0.4786,1-1,A,0.4786
560680,pl,2026-12-05,14,Nottingham Forest FC,Brighton & Hove Albion FC,1.31,1.34,0.3497,0.2869,0.3634,1-1,A,0.3634
560678,pl,2026-12-05,14,AFC Bournemouth,Hull City AFC,1.17,1.05,0.3712,0.3173,0.3114,1-1,H,0.3712
560672,pl,2026-12-05,14,Tottenham Hotspur FC,Arsenal FC,0.85,1.76,0.1684,0.256,0.5756,1-1,A,0.5756
560674,pl,2026-12-05,14,Leeds United FC,Ipswich Town FC,2.04,0.91,0.6269,0.2249,0.1482,2-0,H,0.6269
560676,pl,2026-12-05,14,Chelsea FC,Liverpool FC,1.65,1.62,0.3799,0.2525,0.3676,1-1,H,0.3799
560675,pl,2026-12-05,14,Newcastle United FC,Sunderland AFC,1.74,1.04,0.5256,0.2605,0.214,1-1,H,0.5256
560673,pl,2026-12-05,14,Manchester United FC,Coventry City FC,1.8,0.68,0.632,0.2433,0.1247,1-0,H,0.632
560687,pl,2026-12-12,15,Coventry City FC,Aston Villa FC,0.86,1.4,0.2176,0.299,0.4833,1-1,A,0.4833
560688,pl,2026-12-12,15,Arsenal FC,AFC Bournemouth,2.0,0.77,0.6531,0.2229,0.124,2-0,H,0.6531
560691,pl,2026-12-12,15,Fulham FC,Brentford FC,1.33,1.37,0.35,0.2835,0.3665,1-1,A,0.3665
560690,pl,2026-12-12,15,Liverpool FC,Leeds United FC,1.77,1.03,0.5356,0.2567,0.2077,1-1,H,0.5356
560689,pl,2026-12-12,15,Manchester City FC,Chelsea FC,2.27,1.1,0.6275,0.2095,0.163,2-1,H,0.6275
560684,pl,2026-12-12,15,Hull City AFC,Tottenham Hotspur FC,1.41,0.84,0.4899,0.2985,0.2117,1-1,H,0.4899
560683,pl,2026-12-12,15,Crystal Palace FC,Manchester United FC,1.33,1.42,0.3385,0.2801,0.3813,1-1,A,0.3813
560685,pl,2026-12-12,15,Brighton & Hove Albion FC,Everton FC,1.53,0.96,0.4941,0.2827,0.2231,1-1,H,0.4941
560686,pl,2026-12-12,15,Ipswich Town FC,Newcastle United FC,1.29,2.03,0.2301,0.2337,0.5362,1-1,A,0.5362
560682,pl,2026-12-12,15,Sunderland AFC,Nottingham Forest FC,1.15,1.11,0.3522,0.3144,0.3333,1-1,H,0.3522
560696,pl,2026-12-19,16,Manchester City FC,Hull City AFC,1.61,0.75,0.5676,0.2714,0.161,1-0,H,0.5676
560693,pl,2026-12-19,16,Brighton & Hove Albion FC,Ipswich Town FC,2.53,0.93,0.7138,0.1772,0.1089,2-0,H,0.7138
560694,pl,2026-12-19,16,Nottingham Forest FC,Everton FC,1.21,0.96,0.4045,0.3185,0.277,1-1,H,0.4045
560695,pl,2026-12-19,16,Brentford FC,Newcastle United FC,1.77,1.41,0.4513,0.2527,0.296,1-1,H,0.4513
560698,pl,2026-12-19,16,AFC Bournemouth,Coventry City FC,1.7,0.71,0.5987,0.259,0.1423,1-0,H,0.5987
560699,pl,2026-12-19,16,Arsenal FC,Manchester United FC,1.92,0.82,0.6228,0.2351,0.1421,2-0,H,0.6228
560700,pl,2026-12-19,16,Liverpool FC,Tottenham Hotspur FC,2.16,1.02,0.6242,0.217,0.1588,1-1,H,0.6242
560701,pl,2026-12-19,16,Chelsea FC,Aston Villa FC,1.86,1.36,0.4811,0.2476,0.2714,1-1,H,0.4811
560692,pl,2026-12-19,16,Leeds United FC,Fulham FC,1.44,1.0,0.4595,0.2924,0.2481,1-1,H,0.4595
560697,pl,2026-12-19,16,Sunderland AFC,Crystal Palace FC,1.29,1.07,0.401,0.3046,0.2944,1-1,H,0.401
560710,pl,2026-12-26,17,Hull City AFC,Liverpool FC,1.13,1.15,0.3376,0.3128,0.3497,1-1,A,0.3497
560707,pl,2026-12-26,17,Newcastle United FC,Manchester City FC,1.3,1.85,0.2598,0.249,0.4911,1-1,A,0.4911
560711,pl,2026-12-26,17,Ipswich Town FC,Brentford FC,1.22,1.95,0.2258,0.2407,0.5335,1-1,A,0.5335
560709,pl,2026-12-26,17,Tottenham Hotspur FC,AFC Bournemouth,1.46,1.42,0.371,0.273,0.356,1-1,H,0.371
560708,pl,2026-12-26,17,Fulham FC,Brighton & Hove Albion FC,1.26,1.44,0.3182,0.2827,0.3991,1-1,A,0.3991
560705,pl,2026-12-26,17,Everton FC,Sunderland AFC,1.25,0.86,0.4403,0.3189,0.2408,1-1,H,0.4403
560702,pl,2026-12-26,17,Aston Villa FC,Leeds United FC,1.49,1.16,0.4338,0.2828,0.2834,1-1,H,0.4338
560706,pl,2026-12-27,17,Coventry City FC,Chelsea FC,0.89,1.6,0.1973,0.2752,0.5275,1-1,A,0.5275
560703,pl,2026-12-27,17,Manchester United FC,Nottingham Forest FC,1.58,1.11,0.4674,0.2758,0.2568,1-1,H,0.4674
560704,pl,2026-12-27,17,Crystal Palace FC,Arsenal FC,0.81,1.65,0.1715,0.2679,0.5606,0-1,A,0.5606
560716,pl,2026-12-29,18,Hull City AFC,Leeds United FC,1.16,0.85,0.4137,0.3304,0.2559,0-0,H,0.4137
560719,pl,2026-12-29,18,Tottenham Hotspur FC,Brighton & Hove Albion FC,1.32,1.6,0.3054,0.268,0.4266,1-1,A,0.4266
560720,pl,2026-12-29,18,Everton FC,Manchester City FC,0.94,1.52,0.2195,0.2842,0.4963,1-1,A,0.4963
560718,pl,2026-12-30,18,Ipswich Town FC,Chelsea FC,1.28,2.13,0.2151,0.2258,0.5591,1-1,A,0.5591
560714,pl,2026-12-30,18,Aston Villa FC,Liverpool FC,1.45,1.57,0.3415,0.265,0.3935,1-1,A,0.3935
560715,pl,2026-12-30,18,Newcastle United FC,Nottingham Forest FC,1.65,1.19,0.471,0.2672,0.2618,1-1,H,0.471
560717,pl,2026-12-30,18,Manchester United FC,Sunderland AFC,1.65,0.98,0.5203,0.2691,0.2105,1-1,H,0.5203
560712,pl,2026-12-30,18,Fulham FC,Arsenal FC,0.81,1.58,0.1804,0.2771,0.5425,0-1,A,0.5425
560721,pl,2026-12-30,18,Crystal Palace FC,AFC Bournemouth,1.39,1.34,0.3704,0.2821,0.3476,1-1,H,0.3704
560713,pl,2026-12-30,18,Coventry City FC,Brentford FC,0.85,1.46,0.2053,0.2917,0.503,1-1,A,0.503
560724,pl,2027-01-01,19,Leeds United FC,Everton FC,1.24,0.94,0.4174,0.3167,0.2659,1-1,H,0.4174
560722,pl,2027-01-02,19,AFC Bournemouth,Aston Villa FC,1.59,1.35,0.4195,0.2679,0.3125,1-1,H,0.4195
560726,pl,2027-01-02,19,Sunderland AFC,Hull City AFC,0.91,1.0,0.3021,0.345,0.3529,0-0,A,0.3529
560725,pl,2027-01-02,19,Arsenal FC,Ipswich Town FC,2.78,0.6,0.8198,0.131,0.0492,2-0,H,0.8198
560729,pl,2027-01-02,19,Nottingham Forest FC,Fulham FC,1.41,1.02,0.4456,0.295,0.2593,1-1,H,0.4456
560727,pl,2027-01-02,19,Liverpool FC,Coventry City FC,2.08,0.62,0.7058,0.2046,0.0896,2-0,H,0.7058
560730,pl,2027-01-02,19,Brighton & Hove Albion FC,Manchester United FC,1.75,1.27,0.4757,0.2575,0.2668,1-1,H,0.4757
560723,pl,2027-01-02,19,Brentford FC,Crystal Palace FC,1.78,1.08,0.5259,0.2565,0.2176,1-1,H,0.5259
560728,pl,2027-01-03,19,Chelsea FC,Newcastle United FC,1.94,1.48,0.4743,0.2398,0.2859,1-1,H,0.4743
560731,pl,2027-01-03,19,Manchester City FC,Tottenham Hotspur FC,2.44,0.84,0.7167,0.1811,0.1022,2-0,H,0.7167
560732,pl,2027-01-05,20,Arsenal FC,Brentford FC,1.93,0.82,0.6231,0.2345,0.1425,2-0,H,0.6231
560735,pl,2027-01-05,20,Brighton & Hove Albion FC,AFC Bournemouth,1.83,1.19,0.5108,0.2517,0.2375,1-1,H,0.5108
560736,pl,2027-01-05,20,Nottingham Forest FC,Hull City AFC,1.04,0.95,0.3525,0.3374,0.3101,0-0,H,0.3525
560738,pl,2027-01-05,20,Everton FC,Aston Villa FC,1.27,1.13,0.3834,0.3027,0.3139,1-1,H,0.3834
560739,pl,2027-01-05,20,Sunderland AFC,Liverpool FC,1.1,1.54,0.2587,0.28,0.4613,1-1,A,0.4613
560733,pl,2027-01-06,20,Leeds United FC,Manchester City FC,1.06,1.61,0.2365,0.2731,0.4904,1-1,A,0.4904
560737,pl,2027-01-06,20,Fulham FC,Tottenham Hotspur FC,1.51,1.15,0.4421,0.2814,0.2764,1-1,H,0.4421
560741,pl,2027-01-06,20,Ipswich Town FC,Coventry City FC,1.32,0.99,0.4285,0.3054,0.2661,1-1,H,0.4285
560740,pl,2027-01-06,20,Crystal Palace FC,Chelsea FC,1.4,1.56,0.3304,0.2674,0.4023,1-1,A,0.4023
560734,pl,2027-01-07,20,Manchester United FC,Newcastle United FC,1.76,1.4,0.4499,0.2536,0.2965,1-1,H,0.4499
560746,pl,2027-01-16,21,Aston Villa FC,Manchester United FC,1.6,1.36,0.4191,0.2665,0.3144,1-1,H,0.4191
560742,pl,2027-01-16,21,AFC Bournemouth,Ipswich Town FC,2.26,1.02,0.6432,0.2077,0.1491,2-1,H,0.6432
560743,pl,2027-01-16,21,Manchester City FC,Nottingham Forest FC,2.04,0.83,0.645,0.2217,0.1333,2-0,H,0.645
560745,pl,2027-01-16,21,Brentford FC,Brighton & Hove Albion FC,1.58,1.42,0.4037,0.2656,0.3307,1-1,H,0.4037
560744,pl,2027-01-16,21,Chelsea FC,Sunderland AFC,1.82,1.03,0.547,0.2521,0.2009,1-1,H,0.547
560750,pl,2027-01-16,21,Hull City AFC,Arsenal FC,0.76,1.16,0.2275,0.3341,0.4383,0-0,A,0.4383
560748,pl,2027-01-16,21,Coventry City FC,Everton FC,0.74,1.1,0.232,0.3443,0.4237,0-0,A,0.4237
560749,pl,2027-01-16,21,Liverpool FC,Crystal Palace FC,2.03,0.97,0.6088,0.2284,0.1628,1-1,H,0.6088
560751,pl,2027-01-16,21,Newcastle United FC,Fulham FC,1.77,1.14,0.5103,0.2568,0.233,1-1,H,0.5103
560747,pl,2027-01-16,21,Tottenham Hotspur FC,Leeds United FC,1.3,1.29,0.356,0.2911,0.3529,1-1,H,0.356
560759,pl,2027-01-23,22,Manchester United FC,Liverpool FC,1.5,1.54,0.3599,0.2641,0.3759,1-1,A,0.3759
560757,pl,2027-01-23,22,Leeds United FC,Chelsea FC,1.49,1.36,0.3907,0.2742,0.3351,1-1,H,0.3907
560761,pl,2027-01-23,22,Crystal Palace FC,Tottenham Hotspur FC,1.51,1.2,0.4306,0.2796,0.2897,1-1,H,0.4306
560758,pl,2027-01-23,22,Fulham FC,Aston Villa FC,1.35,1.31,0.3665,0.2857,0.3477,1-1,H,0.3665
560760,pl,2027-01-23,22,Brighton & Hove Albion FC,Manchester City FC,1.31,1.65,0.2932,0.2648,0.4421,1-1,A,0.4421
560754,pl,2027-01-23,22,Sunderland AFC,Coventry City FC,1.32,0.68,0.507,0.3129,0.1802,1-0,H,0.507
560752,pl,2027-01-23,22,Ipswich Town FC,Hull City AFC,0.91,1.46,0.2223,0.2922,0.4855,1-1,A,0.4855
560753,pl,2027-01-23,22,Everton FC,Brentford FC,1.25,1.18,0.3677,0.3013,0.331,1-1,H,0.3677
560756,pl,2027-01-23,22,Arsenal FC,Newcastle United FC,2.04,0.86,0.6386,0.223,0.1384,2-0,H,0.6386
560755,pl,2027-01-23,22,Nottingham Forest FC,AFC Bournemouth,1.44,1.19,0.4149,0.2853,0.2998,1-1,H,0.4149
560768,pl,2027-01-30,23,Chelsea FC,Nottingham Forest FC,1.73,1.17,0.4923,0.2605,0.2473,1-1,H,0.4923
560771,pl,2027-01-30,23,Aston Villa FC,Ipswich Town FC,2.32,1.0,0.6601,0.201,0.1389,2-0,H,0.6601
560770,pl,2027-01-30,23,Manchester City FC,Arsenal FC,1.32,1.16,0.3887,0.2975,0.3138,1-1,H,0.3887
560769,pl,2027-01-30,23,Liverpool FC,Everton FC,1.67,0.91,0.5403,0.2668,0.193,1-1,H,0.5403
560767,pl,2027-01-30,23,AFC Bournemouth,Fulham FC,1.59,1.12,0.4695,0.2746,0.256,1-1,H,0.4695
560766,pl,2027-01-30,23,Coventry City FC,Leeds United FC,0.79,1.24,0.2218,0.3223,0.4559,0-1,A,0.4559
560764,pl,2027-01-30,23,Newcastle United FC,Brighton & Hove Albion FC,1.65,1.5,0.4035,0.2578,0.3387,1-1,H,0.4035
560763,pl,2027-01-30,23,Brentford FC,Manchester United FC,1.67,1.34,0.4402,0.2622,0.2977,1-1,H,0.4402
560762,pl,2027-01-30,23,Tottenham Hotspur FC,Sunderland AFC,1.39,1.11,0.4216,0.2933,0.2852,1-1,H,0.4216
560765,pl,2027-01-30,23,Hull City AFC,Crystal Palace FC,1.33,0.8,0.4765,0.31,0.2134,1-0,H,0.4765
560778,pl,2027-02-06,24,Fulham FC,Manchester City FC,1.0,1.77,0.1995,0.2569,0.5436,1-1,A,0.5436
560781,pl,2027-02-06,24,Nottingham Forest FC,Brentford FC,1.39,1.28,0.3824,0.2856,0.332,1-1,H,0.3824
560780,pl,2027-02-06,24,Manchester United FC,Chelsea FC,1.75,1.47,0.4326,0.2529,0.3145,1-1,H,0.4326
560779,pl,2027-02-06,24,Leeds United FC,AFC Bournemouth,1.47,1.17,0.4292,0.2836,0.2872,1-1,H,0.4292
560777,pl,2027-02-06,24,Everton FC,Newcastle United FC,1.33,1.23,0.3772,0.2925,0.3303,1-1,H,0.3772
560774,pl,2027-02-06,24,Sunderland AFC,Aston Villa FC,1.23,1.29,0.3395,0.2954,0.3651,1-1,A,0.3651
560775,pl,2027-02-06,24,Crystal Palace FC,Coventry City FC,1.45,0.73,0.5311,0.2937,0.1752,1-0,H,0.5311
560773,pl,2027-02-06,24,Brighton & Hove Albion FC,Hull City AFC,1.31,0.95,0.4346,0.3077,0.2578,1-1,H,0.4346
560772,pl,2027-02-06,24,Arsenal FC,Liverpool FC,1.74,0.94,0.5504,0.2592,0.1904,1-1,H,0.5504
560776,pl,2027-02-06,24,Ipswich Town FC,Tottenham Hotspur FC,1.37,1.63,0.3115,0.2639,0.4245,1-1,A,0.4245
560791,pl,2027-02-10,25,Ipswich Town FC,Arsenal FC,0.74,2.24,0.0993,0.1944,0.7063,0-2,A,0.7063
560790,pl,2027-02-10,25,Manchester United FC,Brighton & Hove Albion FC,1.57,1.41,0.4024,0.2664,0.3312,1-1,H,0.4024
560789,pl,2027-02-10,25,Tottenham Hotspur FC,Manchester City FC,1.05,1.97,0.1858,0.2371,0.5772,1-1,A,0.5772
560788,pl,2027-02-10,25,Fulham FC,Nottingham Forest FC,1.26,1.14,0.3793,0.3034,0.3173,1-1,H,0.3793
560787,pl,2027-02-10,25,Newcastle United FC,Chelsea FC,1.83,1.56,0.434,0.2446,0.3213,1-1,H,0.434
560785,pl,2027-02-10,25,Aston Villa FC,AFC Bournemouth,1.67,1.28,0.4537,0.2637,0.2826,1-1,H,0.4537
560784,pl,2027-02-10,25,Hull City AFC,Sunderland AFC,1.24,0.73,0.4711,0.3233,0.2055,1-0,H,0.4711
560783,pl,2027-02-10,25,Coventry City FC,Liverpool FC,0.77,1.68,0.1574,0.2636,0.579,0-1,A,0.579
560782,pl,2027-02-10,25,Everton FC,Leeds United FC,1.16,1.0,0.3806,0.3214,0.298,1-1,H,0.3806
560786,pl,2027-02-10,25,Crystal Palace FC,Brentford FC,1.34,1.43,0.3381,0.2793,0.3826,1-1,A,0.3826
560798,pl,2027-02-20,26,Nottingham Forest FC,Manchester United FC,1.38,1.27,0.3827,0.2863,0.331,1-1,H,0.3827
560801,pl,2027-02-20,26,Leeds United FC,Aston Villa FC,1.44,1.2,0.4132,0.2854,0.3014,1-1,H,0.4132
560800,pl,2027-02-20,26,Sunderland AFC,Everton FC,1.06,1.01,0.3487,0.3307,0.3206,1-1,H,0.3487
560799,pl,2027-02-20,26,Brighton & Hove Albion FC,Tottenham Hotspur FC,1.98,1.07,0.5749,0.2361,0.189,1-1,H,0.5749
560797,pl,2027-02-20,26,Arsenal FC,Fulham FC,1.96,0.66,0.6721,0.2221,0.1057,2-0,H,0.6721
560796,pl,2027-02-20,26,Liverpool FC,Hull City AFC,1.43,0.91,0.4783,0.2951,0.2267,1-1,H,0.4783
560795,pl,2027-02-20,26,Chelsea FC,Ipswich Town FC,2.64,1.03,0.7091,0.1736,0.1174,2-1,H,0.7091
560794,pl,2027-02-20,26,Brentford FC,Coventry City FC,1.82,0.69,0.6338,0.242,0.1242,1-0,H,0.6338
560793,pl,2027-02-20,26,AFC Bournemouth,Crystal Palace FC,1.66,1.12,0.4875,0.2677,0.2448,1-1,H,0.4875
560792,pl,2027-02-20,26,Manchester City FC,Newcastle United FC,2.29,1.05,0.6426,0.2058,0.1516,2-1,H,0.6426
560811,pl,2027-02-27,27,Hull City AFC,Manchester City FC,0.93,1.3,0.2536,0.3096,0.4369,1-1,A,0.4369
560810,pl,2027-02-27,27,Newcastle United FC,Brentford FC,1.75,1.43,0.4405,0.254,0.3055,1-1,H,0.4405
560809,pl,2027-02-27,27,Tottenham Hotspur FC,Liverpool FC,1.27,1.74,0.267,0.258,0.475,1-1,A,0.475
560808,pl,2027-02-27,27,Aston Villa FC,Chelsea FC,1.69,1.5,0.4124,0.2558,0.3318,1-1,H,0.4124
560807,pl,2027-02-27,27,Fulham FC,Leeds United FC,1.23,1.16,0.366,0.3041,0.3298,1-1,H,0.366
560805,pl,2027-02-27,27,Coventry City FC,AFC Bournemouth,0.88,1.37,0.2289,0.3031,0.468,1-1,A,0.468
560804,pl,2027-02-27,27,Ipswich Town FC,Brighton & Hove Albion FC,1.15,2.04,0.1989,0.2315,0.5695,1-1,A,0.5695
560803,pl,2027-02-27,27,Manchester United FC,Arsenal FC,1.01,1.55,0.2352,0.2801,0.4846,1-1,A,0.4846
560802,pl,2027-02-27,27,Crystal Palace FC,Sunderland AFC,1.33,1.04,0.4187,0.3024,0.2789,1-1,H,0.4187
560806,pl,2027-02-27,27,Everton FC,Nottingham Forest FC,1.19,0.98,0.3934,0.32,0.2866,1-1,H,0.3934
560819,pl,2027-03-03,28,Brighton & Hove Albion FC,Fulham FC,1.78,1.02,0.5414,0.2557,0.2029,1-1,H,0.5414
560818,pl,2027-03-03,28,Liverpool FC,Aston Villa FC,1.95,1.17,0.5434,0.2408,0.2158,1-1,H,0.5434
560821,pl,2027-03-03,28,Chelsea FC,Coventry City FC,1.98,0.72,0.661,0.2229,0.1161,2-0,H,0.661
560820,pl,2027-03-03,28,Brentford FC,Ipswich Town FC,2.42,0.98,0.6817,0.191,0.1274,2-0,H,0.6817
560817,pl,2027-03-03,28,Sunderland AFC,Manchester United FC,1.21,1.33,0.3242,0.2932,0.3826,1-1,A,0.3826
560816,pl,2027-03-03,28,Leeds United FC,Hull City AFC,1.06,0.93,0.3644,0.3367,0.2988,0-0,H,0.3644
560814,pl,2027-03-03,28,Manchester City FC,Everton FC,1.89,0.75,0.6312,0.2365,0.1323,2-0,H,0.6312
560813,pl,2027-03-03,28,AFC Bournemouth,Tottenham Hotspur FC,1.77,1.18,0.5004,0.2573,0.2423,1-1,H,0.5004
560812,pl,2027-03-03,28,Nottingham Forest FC,Newcastle United FC,1.47,1.33,0.3923,0.2769,0.3308,1-1,H,0.3923
560815,pl,2027-03-03,28,Arsenal FC,Crystal Palace FC,2.05,0.66,0.6901,0.2111,0.0988,2-0,H,0.6901
560827,pl,2027-03-13,29,AFC Bournemouth,Newcastle United FC,1.66,1.47,0.412,0.2588,0.3292,1-1,H,0.412
560828,pl,2027-03-13,29,Chelsea FC,Arsenal FC,1.11,1.63,0.2475,0.2703,0.4822,1-1,A,0.4822
560831,pl,2027-03-13,29,Sunderland AFC,Brentford FC,1.22,1.34,0.3238,0.2924,0.3838,1-1,A,0.3838
560830,pl,2027-03-13,29,Manchester United FC,Everton FC,1.45,1.01,0.4603,0.2906,0.2491,1-1,H,0.4603
560829,pl,2027-03-13,29,Aston Villa FC,Hull City AFC,1.2,1.02,0.3858,0.3159,0.2983,1-1,H,0.3858
560826,pl,2027-03-13,29,Coventry City FC,Manchester City FC,0.63,1.89,0.1068,0.2293,0.664,0-2,A,0.664
560824,pl,2027-03-13,29,Crystal Palace FC,Fulham FC,1.36,1.14,0.4031,0.2951,0.3018,1-1,H,0.4031
560823,pl,2027-03-13,29,Tottenham Hotspur FC,Nottingham Forest FC,1.33,1.26,0.3697,0.2908,0.3395,1-1,H,0.3697
560822,pl,2027-03-13,29,Leeds United FC,Brighton & Hove Albion FC,1.34,1.31,0.3633,0.287,0.3497,1-1,H,0.3633
560825,pl,2027-03-13,29,Liverpool FC,Ipswich Town FC,2.76,0.89,0.7585,0.1544,0.087,2-0,H,0.7585
560832,pl,2027-03-20,30,Brentford FC,AFC Bournemouth,1.74,1.26,0.4752,0.2583,0.2665,1-1,H,0.4752
560836,pl,2027-03-20,30,Arsenal FC,Sunderland AFC,1.92,0.6,0.6794,0.2233,0.0973,2-0,H,0.6794
560834,pl,2027-03-20,30,Manchester City FC,Manchester United FC,2.15,1.0,0.6271,0.2172,0.1558,1-1,H,0.6271
560837,pl,2027-03-20,30,Fulham FC,Liverpool FC,1.21,1.57,0.2808,0.2742,0.445,1-1,A,0.445
560833,pl,2027-03-20,30,Brighton & Hove Albion FC,Coventry City FC,1.9,0.65,0.6632,0.2283,0.1085,2-0,H,0.6632
560839,pl,2027-03-20,30,Nottingham Forest FC,Aston Villa FC,1.41,1.23,0.3991,0.2866,0.3143,1-1,H,0.3991
560840,pl,2027-03-20,30,Everton FC,Tottenham Hotspur FC,1.42,0.99,0.4557,0.295,0.2493,1-1,H,0.4557
560841,pl,2027-03-20,30,Newcastle United FC,Leeds United FC,1.62,1.21,0.4559,0.2699,0.2742,1-1,H,0.4559
560835,pl,2027-03-20,30,Ipswich Town FC,Crystal Palace FC,1.29,1.55,0.3048,0.2725,0.4227,1-1,A,0.4227
560838,pl,2027-03-20,30,Hull City AFC,Chelsea FC,1.31,1.1,0.4007,0.3009,0.2985,1-1,H,0.4007
560842,pl,2027-04-10,31,Sunderland AFC,Ipswich Town FC,1.75,0.98,0.5447,0.2583,0.197,1-1,H,0.5447
560851,pl,2027-04-10,31,Aston Villa FC,Brighton & Hove Albion FC,1.52,1.44,0.3833,0.2687,0.348,1-1,H,0.3833
560850,pl,2027-04-10,31,Tottenham Hotspur FC,Brentford FC,1.4,1.52,0.3378,0.27,0.3922,1-1,A,0.3922
560849,pl,2027-04-10,31,Crystal Palace FC,Everton FC,1.17,1.07,0.365,0.3158,0.3192,1-1,H,0.365
560848,pl,2027-04-10,31,AFC Bournemouth,Manchester City FC,1.17,1.81,0.2334,0.253,0.5136,1-1,A,0.5136
560845,pl,2027-04-10,31,Chelsea FC,Fulham FC,1.86,1.13,0.532,0.249,0.219,1-1,H,0.532
560846,pl,2027-04-10,31,Liverpool FC,Newcastle United FC,2.03,1.27,0.5391,0.2339,0.2269,1-1,H,0.5391
560844,pl,2027-04-10,31,Manchester United FC,Hull City AFC,1.24,1.01,0.4028,0.3126,0.2846,1-1,H,0.4028
560847,pl,2027-04-10,31,Coventry City FC,Arsenal FC,0.52,1.69,0.0991,0.2501,0.6508,0-1,A,0.6508
560843,pl,2027-04-10,31,Leeds United FC,Nottingham Forest FC,1.34,1.03,0.4237,0.3012,0.2751,1-1,H,0.4237
560857,pl,2027-04-17,32,Arsenal FC,Aston Villa FC,1.96,0.79,0.6379,0.2295,0.1325,2-0,H,0.6379
560861,pl,2027-04-17,32,Everton FC,AFC Bournemouth,1.3,1.1,0.3984,0.3016,0.3,1-1,H,0.3984
560860,pl,2027-04-17,32,Newcastle United FC,Tottenham Hotspur FC,1.97,1.2,0.543,0.2386,0.2184,1-1,H,0.543
560859,pl,2027-04-17,32,Manchester City FC,Crystal Palace FC,2.29,0.8,0.7004,0.1932,0.1064,2-0,H,0.7004
560858,pl,2027-04-17,32,Ipswich Town FC,Manchester United FC,1.21,1.94,0.2264,0.2418,0.5318,1-1,A,0.5318
560852,pl,2027-04-17,32,Brighton & Hove Albion FC,Chelsea FC,1.84,1.39,0.4708,0.248,0.2812,1-1,H,0.4708
560854,pl,2027-04-17,32,Brentford FC,Leeds United FC,1.55,1.14,0.4541,0.2776,0.2682,1-1,H,0.4541
560853,pl,2027-04-17,32,Fulham FC,Sunderland AFC,1.33,0.99,0.4291,0.3044,0.2665,1-1,H,0.4291
560855,pl,2027-04-17,32,Nottingham Forest FC,Liverpool FC,1.25,1.46,0.3113,0.2811,0.4076,1-1,A,0.4076
560856,pl,2027-04-17,32,Hull City AFC,Coventry City FC,1.36,0.51,0.5671,0.3043,0.1286,1-0,H,0.5671
560867,pl,2027-04-24,33,Nottingham Forest FC,Sunderland AFC,1.38,0.93,0.4598,0.3008,0.2394,1-1,H,0.4598
560871,pl,2027-04-24,33,Leeds United FC,Liverpool FC,1.28,1.43,0.3245,0.2823,0.3932,1-1,A,0.3932
560870,pl,2027-04-24,33,Brentford FC,Fulham FC,1.7,1.08,0.5073,0.2642,0.2284,1-1,H,0.5073
560869,pl,2027-04-24,33,Aston Villa FC,Coventry City FC,1.74,0.7,0.6139,0.2523,0.1338,1-0,H,0.6139
560868,pl,2027-04-24,33,Newcastle United FC,Ipswich Town FC,2.52,1.04,0.6874,0.1842,0.1284,2-1,H,0.6874
560866,pl,2027-04-24,33,Everton FC,Brighton & Hove Albion FC,1.19,1.24,0.3368,0.3023,0.3609,1-1,A,0.3609
560865,pl,2027-04-24,33,Manchester United FC,Crystal Palace FC,1.77,1.07,0.5243,0.2575,0.2181,1-1,H,0.5243
560863,pl,2027-04-24,33,AFC Bournemouth,Arsenal FC,0.95,1.62,0.21,0.2732,0.5168,1-1,A,0.5168
560862,pl,2027-04-24,33,Chelsea FC,Manchester City FC,1.36,1.83,0.2764,0.2495,0.4741,1-1,A,0.4741
560864,pl,2027-04-24,33,Tottenham Hotspur FC,Hull City AFC,1.05,1.14,0.3168,0.3202,0.363,1-1,A,0.363
560877,pl,2027-05-01,34,Fulham FC,Everton FC,1.16,1.03,0.3751,0.3191,0.3058,1-1,H,0.3751
560881,pl,2027-05-01,34,Ipswich Town FC,Leeds United FC,1.13,1.65,0.2479,0.2686,0.4836,1-1,A,0.4836
560879,pl,2027-05-01,34,Arsenal FC,Tottenham Hotspur FC,2.18,0.69,0.7067,0.1983,0.0951,2-0,H,0.7067
560880,pl,2027-05-01,34,Crystal Palace FC,Aston Villa FC,1.36,1.37,0.3548,0.282,0.3632,1-1,A,0.3632
560878,pl,2027-05-01,34,Liverpool FC,Chelsea FC,2.01,1.33,0.5221,0.2356,0.2423,1-1,H,0.5221
560875,pl,2027-05-01,34,Hull City AFC,AFC Bournemouth,1.3,0.94,0.4342,0.3093,0.2565,1-1,H,0.4342
560876,pl,2027-05-01,34,Manchester City FC,Brentford FC,2.16,1.01,0.6272,0.2166,0.1562,1-1,H,0.6272
560873,pl,2027-05-01,34,Brighton & Hove Albion FC,Nottingham Forest FC,1.66,1.06,0.5027,0.2681,0.2292,1-1,H,0.5027
560872,pl,2027-05-01,34,Sunderland AFC,Newcastle United FC,1.29,1.4,0.3318,0.2841,0.3841,1-1,A,0.3841
560874,pl,2027-05-01,34,Coventry City FC,Manchester United FC,0.85,1.46,0.2057,0.2928,0.5014,1-1,A,0.5014
560886,pl,2027-05-08,35,Brentford FC,Aston Villa FC,1.7,1.3,0.458,0.261,0.281,1-1,H,0.458
560882,pl,2027-05-08,35,Manchester City FC,Liverpool FC,1.95,1.15,0.5489,0.2401,0.2111,1-1,H,0.5489
560883,pl,2027-05-08,35,Leeds United FC,Arsenal FC,0.86,1.44,0.2128,0.2947,0.4925,1-1,A,0.4925
560884,pl,2027-05-08,35,Fulham FC,Ipswich Town FC,1.93,1.0,0.5797,0.2403,0.18,1-1,H,0.5797
560885,pl,2027-05-08,35,Nottingham Forest FC,Crystal Palace FC,1.47,1.02,0.4628,0.2883,0.2489,1-1,H,0.4628
560887,pl,2027-05-08,35,Newcastle United FC,Coventry City FC,1.89,0.73,0.6406,0.234,0.1254,2-0,H,0.6406
560888,pl,2027-05-08,35,Brighton & Hove Albion FC,Sunderland AFC,1.74,0.93,0.555,0.2586,0.1864,1-1,H,0.555
560889,pl,2027-05-08,35,Tottenham Hotspur FC,Chelsea FC,1.47,1.66,0.3295,0.2582,0.4124,1-1,A,0.4124
560890,pl,2027-05-08,35,Everton FC,Hull City AFC,0.94,0.88,0.338,0.3549,0.3071,0-0,D,0.3549
560891,pl,2027-05-08,35,AFC Bournemouth,Manchester United FC,1.56,1.4,0.402,0.268,0.33,1-1,H,0.402
560894,pl,2027-05-15,36,Ipswich Town FC,Manchester City FC,0.91,2.51,0.107,0.1778,0.7152,0-2,A,0.7152
560901,pl,2027-05-15,36,Coventry City FC,Tottenham Hotspur FC,0.96,1.23,0.2743,0.3169,0.4088,1-1,A,0.4088
560892,pl,2027-05-15,36,Sunderland AFC,AFC Bournemouth,1.26,1.25,0.3543,0.2958,0.3499,1-1,H,0.3543
560893,pl,2027-05-15,36,Liverpool FC,Brentford FC,1.92,1.22,0.5255,0.2436,0.2309,1-1,H,0.5255
560895,pl,2027-05-15,36,Arsenal FC,Nottingham Forest FC,1.82,0.68,0.6369,0.2405,0.1225,1-0,H,0.6369
560897,pl,2027-05-15,36,Manchester United FC,Leeds United FC,1.54,1.14,0.4527,0.2786,0.2687,1-1,H,0.4527
560896,pl,2027-05-15,36,Hull City AFC,Fulham FC,1.27,0.8,0.4598,0.3178,0.2223,1-0,H,0.4598
560899,pl,2027-05-15,36,Aston Villa FC,Newcastle United FC,1.7,1.43,0.4296,0.2571,0.3133,1-1,H,0.4296
560900,pl,2027-05-15,36,Chelsea FC,Everton FC,1.6,1.06,0.4849,0.2747,0.2404,1-1,H,0.4849
560898,pl,2027-05-15,36,Crystal Palace FC,Brighton & Hove Albion FC,1.26,1.5,0.3065,0.2776,0.4159,1-1,A,0.4159
560907,pl,2027-05-23,37,Nottingham Forest FC,Ipswich Town FC,2.0,0.93,0.6125,0.2304,0.1571,1-1,H,0.6125
560911,pl,2027-05-23,37,Manchester City FC,Aston Villa FC,2.19,0.97,0.6435,0.2117,0.1448,2-0,H,0.6435
560908,pl,2027-05-23,37,AFC Bournemouth,Chelsea FC,1.64,1.53,0.3948,0.257,0.3482,1-1,H,0.3948
560909,pl,2027-05-23,37,Fulham FC,Coventry City FC,1.45,0.7,0.5395,0.2935,0.167,1-0,H,0.5395
560910,pl,2027-05-23,37,Everton FC,Arsenal FC,0.76,1.36,0.1978,0.3064,0.4958,0-1,A,0.4958
560904,pl,2027-05-23,37,Tottenham Hotspur FC,Manchester United FC,1.4,1.51,0.3383,0.2709,0.3909,1-1,A,0.3909
560903,pl,2027-05-23,37,Newcastle United FC,Crystal Palace FC,1.85,1.14,0.5292,0.2491,0.2217,1-1,H,0.5292
560902,pl,2027-05-23,37,Brentford FC,Hull City AFC,1.25,1.01,0.4041,0.3117,0.2842,1-1,H,0.4041
560906,pl,2027-05-23,37,Brighton & Hove Albion FC,Liverpool FC,1.59,1.46,0.3956,0.2635,0.3409,1-1,H,0.3956
560905,pl,2027-05-23,37,Leeds United FC,Sunderland AFC,1.41,0.91,0.4734,0.2977,0.2289,1-1,H,0.4734
560914,pl,2027-05-30,38,Liverpool FC,AFC Bournemouth,1.99,1.14,0.5608,0.2361,0.2031,1-1,H,0.5608
560916,pl,2027-05-30,38,Aston Villa FC,Tottenham Hotspur FC,1.81,1.15,0.5179,0.2531,0.2291,1-1,H,0.5179
560918,pl,2027-05-30,38,Manchester United FC,Fulham FC,1.69,1.07,0.5057,0.2653,0.229,1-1,H,0.5057
560917,pl,2027-05-30,38,Hull City AFC,Newcastle United FC,1.32,1.05,0.4151,0.3021,0.2828,1-1,H,0.4151
560915,pl,2027-05-30,38,Coventry City FC,Nottingham Forest FC,0.8,1.21,0.2315,0.3253,0.4432,0-1,A,0.4432
560919,pl,2027-05-30,38,Sunderland AFC,Manchester City FC,0.91,1.73,0.1833,0.2597,0.557,1-1,A,0.557
560913,pl,2027-05-30,38,Arsenal FC,Brighton & Hove Albion FC,1.82,0.86,0.5892,0.2483,0.1626,1-1,H,0.5892
560912,pl,2027-05-30,38,Ipswich Town FC,Everton FC,1.06,1.46,0.262,0.2883,0.4497,1-1,A,0.4497
560920,pl,2027-05-30,38,Chelsea FC,Brentford FC,1.83,1.42,0.4623,0.2486,0.2891,1-1,H,0.4623
560921,pl,2027-05-30,38,Crystal Palace FC,Leeds United FC,1.24,1.21,0.3551,0.3005,0.3444,1-1,H,0.3551
