match_id,date,matchday,home_team,away_team,xg_home,xg_away,p_home_win,p_draw,p_away_win,most_likely_score,prediction,confidence
560557,2026-08-31,2,Aston Villa FC,Arsenal FC,0.97,1.6,0.2195,0.2717,0.5088,1-1,A,0.5088
560566,2026-09-04,3,Ipswich Town FC,Liverpool FC,1.14,2.42,0.1566,0.1948,0.6486,1-2,A,0.6486
560571,2026-09-05,3,Newcastle United FC,AFC Bournemouth,1.71,1.28,0.4664,0.2568,0.2769,1-1,H,0.4664
560568,2026-09-05,3,Fulham FC,Crystal Palace FC,1.43,1.06,0.4448,0.2876,0.2676,1-1,H,0.4448
560565,2026-09-05,3,Brentford FC,Sunderland AFC,1.5,0.97,0.4842,0.2827,0.2331,1-1,H,0.4842
560563,2026-09-05,3,Manchester City FC,Coventry City FC,2.23,0.58,0.7449,0.181,0.074,2-0,H,0.7449
560562,2026-09-05,3,Nottingham Forest FC,Tottenham Hotspur FC,1.68,1.12,0.4948,0.2624,0.2428,1-1,H,0.4948
560564,2026-09-05,3,Brighton & Hove Albion FC,Leeds United FC,1.58,1.1,0.4746,0.2718,0.2536,1-1,H,0.4746
560569,2026-09-05,3,Hull City AFC,Aston Villa FC,1.33,0.88,0.4606,0.3035,0.2359,1-1,H,0.4606
560570,2026-09-06,3,Arsenal FC,Chelsea FC,2.02,0.85,0.6373,0.2224,0.1403,2-0,H,0.6373
560567,2026-09-06,3,Everton FC,Manchester United FC,1.3,1.23,0.3717,0.2913,0.337,1-1,H,0.3717
560572,2026-09-12,4,Crystal Palace FC,Ipswich Town FC,2.0,0.99,0.5983,0.2297,0.172,1-1,H,0.5983
560573,2026-09-12,4,Liverpool FC,Fulham FC,2.01,1.05,0.5875,0.2295,0.1831,1-1,H,0.5875
560574,2026-09-12,4,Aston Villa FC,Nottingham Forest FC,1.57,1.17,0.4548,0.2717,0.2735,1-1,H,0.4548
560576,2026-09-12,4,AFC Bournemouth,Brentford FC,1.6,1.29,0.4369,0.2654,0.2976,1-1,H,0.4369
560581,2026-09-12,4,Chelsea FC,Hull City AFC,1.21,1.07,0.3791,0.3081,0.3128,1-1,H,0.3791
560575,2026-09-12,4,Tottenham Hotspur FC,Everton FC,1.29,1.2,0.3771,0.2933,0.3296,1-1,H,0.3771
560577,2026-09-12,4,Sunderland AFC,Arsenal FC,0.72,1.44,0.1757,0.2906,0.5337,0-1,A,0.5337
560580,2026-09-13,4,Manchester United FC,Manchester City FC,1.27,1.73,0.2711,0.2554,0.4735,1-1,A,0.4735
560578,2026-09-13,4,Coventry City FC,Brighton & Hove Albion FC,0.98,1.36,0.2592,0.2979,0.4429,1-1,A,0.4429
560579,2026-09-14,4,Leeds United FC,Newcastle United FC,1.39,1.34,0.3745,0.2782,0.3473,1-1,H,0.3745
560591,2026-09-18,5,Brentford FC,Chelsea FC,1.67,1.43,0.4243,0.256,0.3197,1-1,H,0.4243
560587,2026-09-19,5,Tottenham Hotspur FC,Aston Villa FC,1.47,1.51,0.3595,0.2644,0.376,1-1,A,0.376
560584,2026-09-19,5,Everton FC,Ipswich Town FC,1.96,0.85,0.6253,0.2288,0.1459,2-0,H,0.6253
560585,2026-09-19,5,Leeds United FC,Crystal Palace FC,1.44,1.01,0.4585,0.2882,0.2533,1-1,H,0.4585
560586,2026-09-19,5,Brighton & Hove Albion FC,Arsenal FC,0.99,1.58,0.2258,0.274,0.5002,1-1,A,0.5002
560588,2026-09-19,5,Newcastle United FC,Hull City AFC,1.18,1.06,0.3742,0.3112,0.3147,1-1,H,0.3742
560589,2026-09-19,5,Nottingham Forest FC,Coventry City FC,1.49,0.76,0.5376,0.284,0.1784,1-0,H,0.5376
560590,2026-09-20,5,Manchester City FC,Sunderland AFC,1.98,0.71,0.6638,0.2202,0.1161,2-0,H,0.6638
560582,2026-09-20,5,AFC Bournemouth,Liverpool FC,1.53,1.57,0.3609,0.258,0.3811,1-1,A,0.3811
560583,2026-09-20,5,Fulham FC,Manchester United FC,1.38,1.38,0.3611,0.2762,0.3627,1-1,A,0.3627
560600,2026-10-10,6,Manchester United FC,Tottenham Hotspur FC,2.0,1.17,0.5574,0.2331,0.2095,1-1,H,0.5574
560595,2026-10-10,6,Chelsea FC,AFC Bournemouth,1.75,1.29,0.4723,0.2536,0.2741,1-1,H,0.4723
560592,2026-10-10,6,Sunderland AFC,Brighton & Hove Albion FC,1.2,1.2,0.3498,0.3,0.3502,1-1,A,0.3502
560601,2026-10-10,6,Aston Villa FC,Brentford FC,1.64,1.32,0.4387,0.2617,0.2997,1-1,H,0.4387
560593,2026-10-10,6,Arsenal FC,Leeds United FC,1.9,0.66,0.6613,0.2262,0.1125,2-0,H,0.6613
560599,2026-10-10,6,Ipswich Town FC,Fulham FC,1.2,1.67,0.2653,0.2624,0.4722,1-1,A,0.4722
560594,2026-10-11,6,Hull City AFC,Everton FC,1.18,0.7,0.4613,0.3305,0.2083,1-0,H,0.4613
560596,2026-10-11,6,Crystal Palace FC,Nottingham Forest FC,1.27,1.2,0.3676,0.295,0.3374,1-1,H,0.3676
560598,2026-10-11,6,Liverpool FC,Manchester City FC,1.47,1.66,0.3334,0.2554,0.4112,1-1,A,0.4112
560597,2026-10-12,6,Coventry City FC,Newcastle United FC,0.99,1.43,0.2495,0.2893,0.4612,1-1,A,0.4612
560607,2026-10-17,7,Newcastle United FC,Aston Villa FC,1.76,1.31,0.4708,0.2527,0.2766,1-1,H,0.4708
560611,2026-10-17,7,Brentford FC,Liverpool FC,1.57,1.61,0.3656,0.254,0.3804,1-1,A,0.3804
560602,2026-10-17,7,Fulham FC,Hull City AFC,0.93,1.06,0.3003,0.3324,0.3673,0-0,A,0.3673
560610,2026-10-17,7,Manchester City FC,Ipswich Town FC,3.28,0.7,0.856,0.1012,0.0428,3-0,H,0.856
560603,2026-10-17,7,Everton FC,Chelsea FC,1.32,1.27,0.3683,0.2875,0.3442,1-1,H,0.3683
560609,2026-10-18,7,Brighton & Hove Albion FC,Crystal Palace FC,1.71,1.05,0.52,0.2593,0.2207,1-1,H,0.52
560604,2026-10-18,7,AFC Bournemouth,Sunderland AFC,1.45,0.95,0.4775,0.288,0.2345,1-1,H,0.4775
560605,2026-10-18,7,Leeds United FC,Manchester United FC,1.39,1.32,0.376,0.2794,0.3446,1-1,H,0.376
560608,2026-10-18,7,Nottingham Forest FC,Arsenal FC,0.87,1.52,0.2032,0.2807,0.516,1-1,A,0.516
560606,2026-10-19,7,Tottenham Hotspur FC,Coventry City FC,1.5,0.91,0.4988,0.2834,0.2178,1-1,H,0.4988
560620,2026-10-23,8,Ipswich Town FC,Nottingham Forest FC,1.15,1.75,0.2389,0.2551,0.506,1-1,A,0.506
560617,2026-10-24,8,Chelsea FC,Tottenham Hotspur FC,2.06,1.18,0.5678,0.2275,0.2047,1-1,H,0.5678
560618,2026-10-24,8,Coventry City FC,Fulham FC,0.99,1.13,0.3034,0.3208,0.3758,1-1,A,0.3758
560616,2026-10-24,8,Arsenal FC,Everton FC,1.77,0.62,0.6426,0.2419,0.1155,1-0,H,0.6426
560612,2026-10-24,8,Liverpool FC,Brighton & Hove Albion FC,1.99,1.26,0.5352,0.2341,0.2307,1-1,H,0.5352
560614,2026-10-24,8,Aston Villa FC,Manchester City FC,1.2,1.74,0.2529,0.2555,0.4916,1-1,A,0.4916
560615,2026-10-25,8,Manchester United FC,AFC Bournemouth,1.7,1.28,0.4629,0.2584,0.2787,1-1,H,0.4629
560619,2026-10-25,8,Hull City AFC,Brentford FC,1.33,0.89,0.4574,0.304,0.2386,1-1,H,0.4574
560613,2026-10-25,8,Crystal Palace FC,Newcastle United FC,1.33,1.45,0.3351,0.2752,0.3896,1-1,A,0.3896
560621,2026-10-25,8,Sunderland AFC,Leeds United FC,1.16,1.01,0.3792,0.317,0.3038,1-1,H,0.3792
560627,2026-10-31,9,Tottenham Hotspur FC,Crystal Palace FC,1.51,1.22,0.4299,0.275,0.2951,1-1,H,0.4299
560623,2026-10-31,9,Manchester City FC,Brighton & Hove Albion FC,2.16,0.97,0.6364,0.2129,0.1507,2-0,H,0.6364
560624,2026-10-31,9,AFC Bournemouth,Leeds United FC,1.53,1.09,0.4638,0.2772,0.259,1-1,H,0.4638
560625,2026-10-31,9,Coventry City FC,Sunderland AFC,0.9,0.99,0.3034,0.343,0.3536,0-0,A,0.3536
560630,2026-10-31,9,Brentford FC,Nottingham Forest FC,1.58,1.16,0.4588,0.2708,0.2704,1-1,H,0.4588
560626,2026-10-31,9,Chelsea FC,Manchester United FC,1.79,1.4,0.4577,0.2489,0.2934,1-1,H,0.4577
560629,2026-10-31,9,Hull City AFC,Ipswich Town FC,2.0,0.65,0.6856,0.213,0.1015,2-0,H,0.6856
560628,2026-11-01,9,Aston Villa FC,Fulham FC,1.64,1.11,0.4867,0.2663,0.2471,1-1,H,0.4867
560631,2026-11-01,9,Liverpool FC,Arsenal FC,1.2,1.52,0.289,0.2754,0.4356,1-1,A,0.4356
560622,2026-11-02,9,Newcastle United FC,Everton FC,1.55,1.04,0.4807,0.2759,0.2434,1-1,H,0.4807
560640,2026-11-07,10,Arsenal FC,Hull City AFC,1.34,0.63,0.5309,0.305,0.1641,1-0,H,0.5309
560639,2026-11-07,10,Manchester United FC,Aston Villa FC,1.74,1.31,0.4673,0.2543,0.2784,1-1,H,0.4673
560638,2026-11-07,10,Brighton & Hove Albion FC,Brentford FC,1.66,1.3,0.4475,0.2607,0.2918,1-1,H,0.4475
560637,2026-11-07,10,Ipswich Town FC,AFC Bournemouth,1.17,1.93,0.2205,0.2394,0.5401,1-1,A,0.5401
560636,2026-11-07,10,Sunderland AFC,Chelsea FC,1.23,1.3,0.3379,0.2912,0.3709,1-1,A,0.3709
560635,2026-11-07,10,Crystal Palace FC,Liverpool FC,1.26,1.66,0.2808,0.2615,0.4577,1-1,A,0.4577
560641,2026-11-07,10,Nottingham Forest FC,Manchester City FC,1.07,1.66,0.2336,0.2645,0.502,1-1,A,0.502
560633,2026-11-07,10,Fulham FC,Newcastle United FC,1.39,1.4,0.3595,0.275,0.3655,1-1,A,0.3655
560632,2026-11-07,10,Leeds United FC,Tottenham Hotspur FC,1.6,1.11,0.4763,0.2697,0.2541,1-1,H,0.4763
560634,2026-11-07,10,Everton FC,Coventry City FC,1.33,0.7,0.5082,0.3068,0.185,1-0,H,0.5082
560651,2026-11-21,11,Newcastle United FC,Arsenal FC,1.04,1.59,0.237,0.2715,0.4914,1-1,A,0.4914
560650,2026-11-21,11,Coventry City FC,Crystal Palace FC,1.02,1.08,0.323,0.3231,0.3538,1-1,A,0.3538
560647,2026-11-21,11,AFC Bournemouth,Nottingham Forest FC,1.53,1.14,0.4526,0.2756,0.2717,1-1,H,0.4526
560649,2026-11-21,11,Brentford FC,Everton FC,1.46,1.04,0.4575,0.2851,0.2574,1-1,H,0.4575
560648,2026-11-21,11,Tottenham Hotspur FC,Ipswich Town FC,2.2,1.1,0.6155,0.2128,0.1717,2-1,H,0.6155
560644,2026-11-21,11,Aston Villa FC,Sunderland AFC,1.49,0.97,0.4803,0.2839,0.2359,1-1,H,0.4803
560645,2026-11-21,11,Liverpool FC,Manchester United FC,2.01,1.32,0.5261,0.2329,0.241,1-1,H,0.5261
560643,2026-11-21,11,Manchester City FC,Fulham FC,2.18,0.81,0.6791,0.2029,0.1179,2-0,H,0.6791
560642,2026-11-21,11,Chelsea FC,Leeds United FC,1.71,1.12,0.5002,0.2595,0.2403,1-1,H,0.5002
560646,2026-11-21,11,Hull City AFC,Brighton & Hove Albion FC,1.31,0.89,0.4526,0.3054,0.2419,1-1,H,0.4526
560657,2026-11-28,12,Fulham FC,AFC Bournemouth,1.35,1.28,0.3754,0.2841,0.3406,1-1,H,0.3754
560658,2026-11-28,12,Nottingham Forest FC,Chelsea FC,1.48,1.37,0.389,0.2713,0.3397,1-1,H,0.389
560660,2026-11-28,12,Sunderland AFC,Tottenham Hotspur FC,1.4,1.06,0.435,0.291,0.2741,1-1,H,0.435
560659,2026-11-28,12,Brighton & Hove Albion FC,Newcastle United FC,1.66,1.39,0.4311,0.2581,0.3108,1-1,H,0.4311
560661,2026-11-28,12,Crystal Palace FC,Hull City AFC,0.89,1.1,0.281,0.3314,0.3876,0-0,A,0.3876
560656,2026-11-28,12,Everton FC,Liverpool FC,1.24,1.42,0.3168,0.2812,0.402,1-1,A,0.402
560654,2026-11-28,12,Arsenal FC,Manchester City FC,1.46,1.03,0.4587,0.2853,0.256,1-1,H,0.4587
560653,2026-11-28,12,Ipswich Town FC,Aston Villa FC,1.2,1.97,0.2214,0.2357,0.5429,1-1,A,0.5429
560652,2026-11-28,12,Leeds United FC,Coventry City FC,1.43,0.75,0.5196,0.2933,0.1871,1-0,H,0.5196
560655,2026-11-28,12,Manchester United FC,Brentford FC,1.73,1.31,0.4635,0.2546,0.2819,1-1,H,0.4635
560668,2026-12-02,13,Coventry City FC,Ipswich Town FC,1.49,0.98,0.4792,0.2833,0.2376,1-1,H,0.4792
560671,2026-12-02,13,AFC Bournemouth,Brighton & Hove Albion FC,1.59,1.3,0.4317,0.2665,0.3019,1-1,H,0.4317
560670,2026-12-02,13,Newcastle United FC,Manchester United FC,1.75,1.39,0.4519,0.2519,0.2962,1-1,H,0.4519
560669,2026-12-02,13,Manchester City FC,Leeds United FC,2.08,0.81,0.6583,0.2141,0.1276,2-0,H,0.6583
560667,2026-12-02,13,Brentford FC,Arsenal FC,0.98,1.59,0.2223,0.2724,0.5053,1-1,A,0.5053
560666,2026-12-02,13,Aston Villa FC,Everton FC,1.45,1.04,0.4536,0.2861,0.2603,1-1,H,0.4536
560665,2026-12-02,13,Chelsea FC,Crystal Palace FC,1.85,1.07,0.5468,0.2458,0.2074,1-1,H,0.5468
560664,2026-12-02,13,Hull City AFC,Nottingham Forest FC,1.27,0.78,0.4672,0.3143,0.2185,1-0,H,0.4672
560663,2026-12-02,13,Liverpool FC,Sunderland AFC,1.83,0.92,0.5771,0.246,0.1769,1-1,H,0.5771
560662,2026-12-02,13,Tottenham Hotspur FC,Fulham FC,1.46,1.27,0.4055,0.2766,0.3179,1-1,H,0.4055
560680,2026-12-05,14,Nottingham Forest FC,Brighton & Hove Albion FC,1.44,1.27,0.4017,0.2783,0.32,1-1,H,0.4017
560679,2026-12-05,14,Aston Villa FC,Crystal Palace FC,1.69,1.06,0.5114,0.2614,0.2272,1-1,H,0.5114
560678,2026-12-05,14,AFC Bournemouth,Hull City AFC,1.08,1.04,0.3498,0.3222,0.328,1-1,H,0.3498
560681,2026-12-05,14,Everton FC,Fulham FC,1.3,0.98,0.4279,0.3038,0.2683,1-1,H,0.4279
560677,2026-12-05,14,Brentford FC,Manchester City FC,1.21,1.74,0.2561,0.256,0.4879,1-1,A,0.4879
560674,2026-12-05,14,Leeds United FC,Ipswich Town FC,2.1,0.91,0.638,0.2166,0.1455,2-0,H,0.638
560675,2026-12-05,14,Newcastle United FC,Sunderland AFC,1.59,0.97,0.5078,0.2725,0.2197,1-1,H,0.5078
560672,2026-12-05,14,Tottenham Hotspur FC,Arsenal FC,0.87,1.83,0.1643,0.244,0.5916,1-1,A,0.5916
560676,2026-12-05,14,Chelsea FC,Liverpool FC,1.71,1.63,0.3932,0.2467,0.3602,1-1,H,0.3932
560673,2026-12-05,14,Manchester United FC,Coventry City FC,1.78,0.79,0.5992,0.2483,0.1526,1-0,H,0.5992
560690,2026-12-12,15,Liverpool FC,Leeds United FC,1.92,1.06,0.5656,0.2387,0.1957,1-1,H,0.5656
560689,2026-12-12,15,Manchester City FC,Chelsea FC,2.2,1.05,0.6281,0.2111,0.1608,2-1,H,0.6281
560688,2026-12-12,15,Arsenal FC,AFC Bournemouth,1.95,0.76,0.6455,0.2259,0.1286,2-0,H,0.6455
560687,2026-12-12,15,Coventry City FC,Aston Villa FC,0.99,1.34,0.2659,0.2992,0.435,1-1,A,0.435
560691,2026-12-12,15,Fulham FC,Brentford FC,1.38,1.32,0.3752,0.2798,0.345,1-1,H,0.3752
560685,2026-12-12,15,Brighton & Hove Albion FC,Everton FC,1.47,1.03,0.4618,0.2847,0.2535,1-1,H,0.4618
560684,2026-12-12,15,Hull City AFC,Tottenham Hotspur FC,1.53,0.79,0.5385,0.2796,0.1819,1-0,H,0.5385
560683,2026-12-12,15,Crystal Palace FC,Manchester United FC,1.32,1.43,0.3368,0.2766,0.3866,1-1,A,0.3866
560682,2026-12-12,15,Sunderland AFC,Nottingham Forest FC,1.16,1.06,0.3692,0.3135,0.3173,1-1,H,0.3692
560686,2026-12-12,15,Ipswich Town FC,Newcastle United FC,1.2,2.11,0.2031,0.2236,0.5734,1-1,A,0.5734
560701,2026-12-19,16,Chelsea FC,Aston Villa FC,1.8,1.32,0.4767,0.2495,0.2738,1-1,H,0.4767
560700,2026-12-19,16,Liverpool FC,Tottenham Hotspur FC,2.32,1.11,0.6357,0.2029,0.1615,2-1,H,0.6357
560699,2026-12-19,16,Arsenal FC,Manchester United FC,1.99,0.82,0.638,0.2243,0.1376,2-0,H,0.638
560698,2026-12-19,16,AFC Bournemouth,Coventry City FC,1.64,0.77,0.5708,0.2648,0.1644,1-0,H,0.5708
560697,2026-12-19,16,Sunderland AFC,Crystal Palace FC,1.25,0.96,0.4187,0.3098,0.2715,1-1,H,0.4187
560696,2026-12-19,16,Manchester City FC,Hull City AFC,1.47,0.78,0.5249,0.2876,0.1875,1-0,H,0.5249
560695,2026-12-19,16,Brentford FC,Newcastle United FC,1.65,1.4,0.4264,0.2582,0.3155,1-1,H,0.4264
560694,2026-12-19,16,Nottingham Forest FC,Everton FC,1.29,0.99,0.4214,0.3043,0.2743,1-1,H,0.4214
560693,2026-12-19,16,Brighton & Hove Albion FC,Ipswich Town FC,2.5,0.95,0.705,0.1791,0.1159,2-0,H,0.705
560692,2026-12-19,16,Leeds United FC,Fulham FC,1.39,1.05,0.4352,0.2914,0.2733,1-1,H,0.4352
560710,2026-12-26,17,Hull City AFC,Liverpool FC,1.26,1.08,0.3933,0.3023,0.3044,1-1,H,0.3933
560709,2026-12-26,17,Tottenham Hotspur FC,AFC Bournemouth,1.43,1.47,0.3566,0.2683,0.3751,1-1,A,0.3751
560708,2026-12-26,17,Fulham FC,Brighton & Hove Albion FC,1.37,1.32,0.3703,0.2804,0.3493,1-1,H,0.3703
560707,2026-12-26,17,Newcastle United FC,Manchester City FC,1.28,1.74,0.2734,0.2546,0.472,1-1,A,0.472
560711,2026-12-26,17,Ipswich Town FC,Brentford FC,1.2,1.99,0.2184,0.2343,0.5473,1-1,A,0.5473
560705,2026-12-26,17,Everton FC,Sunderland AFC,1.18,0.86,0.422,0.3233,0.2547,1-1,H,0.422
560704,2026-12-26,17,Crystal Palace FC,Arsenal FC,0.79,1.65,0.1673,0.2645,0.5682,0-1,A,0.5682
560703,2026-12-26,17,Manchester United FC,Nottingham Forest FC,1.66,1.16,0.4792,0.2638,0.257,1-1,H,0.4792
560702,2026-12-26,17,Aston Villa FC,Leeds United FC,1.56,1.12,0.4661,0.2733,0.2606,1-1,H,0.4661
560706,2026-12-26,17,Coventry City FC,Chelsea FC,1.0,1.46,0.2473,0.2858,0.467,1-1,A,0.467
560721,2026-12-30,18,Crystal Palace FC,AFC Bournemouth,1.3,1.32,0.3512,0.2853,0.3635,1-1,A,0.3635
560720,2026-12-30,18,Everton FC,Manchester City FC,0.95,1.54,0.2231,0.2784,0.4985,1-1,A,0.4985
560719,2026-12-30,18,Tottenham Hotspur FC,Brighton & Hove Albion FC,1.45,1.52,0.351,0.2644,0.3846,1-1,A,0.3846
560717,2026-12-30,18,Manchester United FC,Sunderland AFC,1.57,0.97,0.5043,0.2745,0.2213,1-1,H,0.5043
560718,2026-12-30,18,Ipswich Town FC,Chelsea FC,1.21,2.15,0.2,0.2199,0.5801,1-1,A,0.5801
560714,2026-12-30,18,Aston Villa FC,Liverpool FC,1.56,1.61,0.3615,0.2542,0.3842,1-1,A,0.3842
560713,2026-12-30,18,Coventry City FC,Brentford FC,0.99,1.35,0.263,0.2982,0.4387,1-1,A,0.4387
560712,2026-12-30,18,Fulham FC,Arsenal FC,0.82,1.59,0.1826,0.2718,0.5456,0-1,A,0.5456
560715,2026-12-30,18,Newcastle United FC,Nottingham Forest FC,1.68,1.17,0.4827,0.262,0.2553,1-1,H,0.4827
560716,2026-12-30,18,Hull City AFC,Leeds United FC,1.27,0.75,0.4759,0.3155,0.2086,1-0,H,0.4759
560731,2027-01-02,19,Manchester City FC,Tottenham Hotspur FC,2.51,0.86,0.7266,0.1731,0.1003,2-0,H,0.7266
560728,2027-01-02,19,Chelsea FC,Newcastle United FC,1.79,1.42,0.4561,0.248,0.2959,1-1,H,0.4561
560730,2027-01-02,19,Brighton & Hove Albion FC,Manchester United FC,1.66,1.37,0.4327,0.259,0.3082,1-1,H,0.4327
560729,2027-01-02,19,Nottingham Forest FC,Fulham FC,1.46,1.06,0.4526,0.2848,0.2626,1-1,H,0.4526
560727,2027-01-02,19,Liverpool FC,Coventry City FC,2.06,0.75,0.6704,0.2126,0.1171,2-0,H,0.6704
560723,2027-01-02,19,Brentford FC,Crystal Palace FC,1.71,1.06,0.5156,0.2601,0.2243,1-1,H,0.5156
560726,2027-01-02,19,Sunderland AFC,Hull City AFC,0.82,0.96,0.2834,0.3537,0.3628,0-0,A,0.3628
560722,2027-01-02,19,AFC Bournemouth,Aston Villa FC,1.61,1.28,0.4406,0.2652,0.2941,1-1,H,0.4406
560724,2027-01-02,19,Leeds United FC,Everton FC,1.23,0.99,0.4051,0.3105,0.2844,1-1,H,0.4051
560725,2027-01-02,19,Arsenal FC,Ipswich Town FC,3.01,0.57,0.8516,0.1094,0.039,3-0,H,0.8516
560738,2027-01-06,20,Everton FC,Aston Villa FC,1.31,1.16,0.3882,0.2946,0.3172,1-1,H,0.3882
560740,2027-01-06,20,Crystal Palace FC,Chelsea FC,1.34,1.48,0.3328,0.2725,0.3947,1-1,A,0.3947
560739,2027-01-06,20,Sunderland AFC,Liverpool FC,1.15,1.46,0.2885,0.2817,0.4298,1-1,A,0.4298
560737,2027-01-06,20,Fulham FC,Tottenham Hotspur FC,1.59,1.17,0.4616,0.2694,0.269,1-1,H,0.4616
560741,2027-01-06,20,Ipswich Town FC,Coventry City FC,1.23,1.19,0.36,0.2986,0.3413,1-1,H,0.36
560735,2027-01-06,20,Brighton & Hove Albion FC,AFC Bournemouth,1.62,1.27,0.4471,0.2645,0.2884,1-1,H,0.4471
560734,2027-01-06,20,Manchester United FC,Newcastle United FC,1.74,1.4,0.4469,0.2525,0.3006,1-1,H,0.4469
560733,2027-01-06,20,Leeds United FC,Manchester City FC,1.02,1.66,0.2222,0.2651,0.5128,1-1,A,0.5128
560732,2027-01-06,20,Arsenal FC,Brentford FC,1.99,0.78,0.6487,0.222,0.1292,2-0,H,0.6487
560736,2027-01-06,20,Nottingham Forest FC,Hull City AFC,0.98,1.01,0.3254,0.333,0.3416,0-0,A,0.3416
560751,2027-01-16,21,Newcastle United FC,Fulham FC,1.75,1.11,0.5152,0.2554,0.2294,1-1,H,0.5152
560750,2027-01-16,21,Hull City AFC,Arsenal FC,0.79,1.07,0.2532,0.3411,0.4056,0-0,A,0.4056
560749,2027-01-16,21,Liverpool FC,Crystal Palace FC,2.08,1.01,0.6124,0.2217,0.1659,1-1,H,0.6124
560748,2027-01-16,21,Coventry City FC,Everton FC,0.88,1.06,0.2821,0.3364,0.3815,0-0,A,0.3815
560747,2027-01-16,21,Tottenham Hotspur FC,Leeds United FC,1.4,1.28,0.3864,0.2811,0.3324,1-1,H,0.3864
560746,2027-01-16,21,Aston Villa FC,Manchester United FC,1.64,1.39,0.4238,0.2598,0.3164,1-1,H,0.4238
560745,2027-01-16,21,Brentford FC,Brighton & Hove Albion FC,1.63,1.32,0.4375,0.2619,0.3006,1-1,H,0.4375
560744,2027-01-16,21,Chelsea FC,Sunderland AFC,1.62,0.98,0.514,0.2688,0.2172,1-1,H,0.514
560743,2027-01-16,21,Manchester City FC,Nottingham Forest FC,2.08,0.85,0.6496,0.2155,0.1349,2-0,H,0.6496
560742,2027-01-16,21,AFC Bournemouth,Ipswich Town FC,2.41,0.94,0.6927,0.1864,0.1209,2-0,H,0.6927
560761,2027-01-23,22,Crystal Palace FC,Tottenham Hotspur FC,1.52,1.21,0.4354,0.2743,0.2903,1-1,H,0.4354
560760,2027-01-23,22,Brighton & Hove Albion FC,Manchester City FC,1.22,1.72,0.2601,0.2574,0.4824,1-1,A,0.4824
560759,2027-01-23,22,Manchester United FC,Liverpool FC,1.65,1.6,0.3849,0.2503,0.3648,1-1,H,0.3849
560758,2027-01-23,22,Fulham FC,Aston Villa FC,1.39,1.31,0.3787,0.28,0.3413,1-1,H,0.3787
560757,2027-01-23,22,Leeds United FC,Chelsea FC,1.41,1.36,0.3724,0.2757,0.3519,1-1,H,0.3724
560756,2027-01-23,22,Arsenal FC,Newcastle United FC,2.0,0.83,0.6374,0.2239,0.1387,2-0,H,0.6374
560755,2027-01-23,22,Nottingham Forest FC,AFC Bournemouth,1.43,1.22,0.4065,0.2816,0.3119,1-1,H,0.4065
560754,2027-01-23,22,Sunderland AFC,Coventry City FC,1.24,0.72,0.4769,0.32,0.2031,1-0,H,0.4769
560753,2027-01-23,22,Everton FC,Brentford FC,1.3,1.17,0.3849,0.2945,0.3206,1-1,H,0.3849
560752,2027-01-23,22,Ipswich Town FC,Hull City AFC,0.81,1.6,0.1785,0.271,0.5505,0-1,A,0.5505
560768,2027-01-30,23,Chelsea FC,Nottingham Forest FC,1.71,1.18,0.4887,0.2587,0.2526,1-1,H,0.4887
560771,2027-01-30,23,Aston Villa FC,Ipswich Town FC,2.47,0.96,0.6969,0.1826,0.1206,2-0,H,0.6969
560770,2027-01-30,23,Manchester City FC,Arsenal FC,1.29,1.17,0.383,0.2951,0.3219,1-1,H,0.383
560769,2027-01-30,23,Liverpool FC,Everton FC,1.78,0.99,0.5501,0.252,0.1979,1-1,H,0.5501
560767,2027-01-30,23,AFC Bournemouth,Fulham FC,1.6,1.08,0.4842,0.2702,0.2457,1-1,H,0.4842
560766,2027-01-30,23,Coventry City FC,Leeds United FC,0.94,1.14,0.2886,0.3232,0.3882,1-1,A,0.3882
560764,2027-01-30,23,Newcastle United FC,Brighton & Hove Albion FC,1.74,1.33,0.4614,0.2543,0.2843,1-1,H,0.4614
560763,2027-01-30,23,Brentford FC,Manchester United FC,1.65,1.38,0.428,0.2591,0.3129,1-1,H,0.428
560762,2027-01-30,23,Tottenham Hotspur FC,Sunderland AFC,1.33,1.11,0.4036,0.295,0.3013,1-1,H,0.4036
560765,2027-01-30,23,Hull City AFC,Crystal Palace FC,1.37,0.71,0.5161,0.3008,0.1831,1-0,H,0.5161
560781,2027-02-06,24,Nottingham Forest FC,Brentford FC,1.46,1.26,0.4067,0.2775,0.3158,1-1,H,0.4067
560780,2027-02-06,24,Manchester United FC,Chelsea FC,1.75,1.43,0.4449,0.2505,0.3047,1-1,H,0.4449
560779,2027-02-06,24,Leeds United FC,AFC Bournemouth,1.36,1.22,0.3898,0.2867,0.3234,1-1,H,0.3898
560777,2027-02-06,24,Everton FC,Newcastle United FC,1.3,1.24,0.3702,0.2901,0.3397,1-1,H,0.3702
560778,2027-02-06,24,Fulham FC,Manchester City FC,1.01,1.74,0.2095,0.2567,0.5338,1-1,A,0.5338
560774,2027-02-06,24,Sunderland AFC,Aston Villa FC,1.22,1.19,0.3576,0.2997,0.3427,1-1,H,0.3576
560773,2027-02-06,24,Brighton & Hove Albion FC,Hull City AFC,1.12,1.05,0.3584,0.3178,0.3238,1-1,H,0.3584
560772,2027-02-06,24,Arsenal FC,Liverpool FC,1.9,0.95,0.5855,0.2389,0.1756,1-1,H,0.5855
560775,2027-02-06,24,Crystal Palace FC,Coventry City FC,1.36,0.82,0.4837,0.3021,0.2142,1-0,H,0.4837
560776,2027-02-06,24,Ipswich Town FC,Tottenham Hotspur FC,1.38,1.76,0.2933,0.2512,0.4555,1-1,A,0.4555
560787,2027-02-10,25,Newcastle United FC,Chelsea FC,1.77,1.43,0.4483,0.249,0.3027,1-1,H,0.4483
560791,2027-02-10,25,Ipswich Town FC,Arsenal FC,0.71,2.4,0.0851,0.1737,0.7412,0-2,A,0.7412
560790,2027-02-10,25,Manchester United FC,Brighton & Hove Albion FC,1.72,1.32,0.458,0.2558,0.2862,1-1,H,0.458
560789,2027-02-10,25,Tottenham Hotspur FC,Manchester City FC,1.07,2.0,0.1887,0.2312,0.5801,1-1,A,0.5801
560788,2027-02-10,25,Fulham FC,Nottingham Forest FC,1.32,1.16,0.3916,0.2927,0.3157,1-1,H,0.3916
560785,2027-02-10,25,Aston Villa FC,AFC Bournemouth,1.6,1.28,0.4383,0.2655,0.2961,1-1,H,0.4383
560784,2027-02-10,25,Hull City AFC,Sunderland AFC,1.21,0.65,0.4834,0.3271,0.1896,1-0,H,0.4834
560783,2027-02-10,25,Coventry City FC,Liverpool FC,0.94,1.65,0.205,0.2665,0.5285,1-1,A,0.5285
560782,2027-02-10,25,Everton FC,Leeds United FC,1.24,0.98,0.4094,0.3099,0.2807,1-1,H,0.4094
560786,2027-02-10,25,Crystal Palace FC,Brentford FC,1.32,1.36,0.3508,0.281,0.3683,1-1,A,0.3683
560801,2027-02-20,26,Leeds United FC,Aston Villa FC,1.4,1.25,0.3934,0.2826,0.324,1-1,H,0.3934
560800,2027-02-20,26,Sunderland AFC,Everton FC,1.07,0.94,0.3691,0.3304,0.3006,1-1,H,0.3691
560799,2027-02-20,26,Brighton & Hove Albion FC,Tottenham Hotspur FC,1.91,1.16,0.5401,0.2409,0.219,1-1,H,0.5401
560798,2027-02-20,26,Nottingham Forest FC,Manchester United FC,1.46,1.32,0.3926,0.2748,0.3326,1-1,H,0.3926
560797,2027-02-20,26,Arsenal FC,Fulham FC,2.0,0.66,0.6814,0.2145,0.1041,2-0,H,0.6814
560794,2027-02-20,26,Brentford FC,Coventry City FC,1.69,0.79,0.5786,0.2589,0.1626,1-0,H,0.5786
560793,2027-02-20,26,AFC Bournemouth,Crystal Palace FC,1.66,1.03,0.5086,0.2653,0.2261,1-1,H,0.5086
560796,2027-02-20,26,Liverpool FC,Hull City AFC,1.36,1.01,0.4359,0.2967,0.2674,1-1,H,0.4359
560795,2027-02-20,26,Chelsea FC,Ipswich Town FC,2.7,0.97,0.7327,0.163,0.1043,2-0,H,0.7327
560792,2027-02-20,26,Manchester City FC,Newcastle United FC,2.18,1.03,0.6287,0.2125,0.1589,2-1,H,0.6287
560811,2027-02-27,27,Hull City AFC,Manchester City FC,0.97,1.17,0.2907,0.3178,0.3915,1-1,A,0.3915
560810,2027-02-27,27,Newcastle United FC,Brentford FC,1.75,1.32,0.4669,0.2531,0.28,1-1,H,0.4669
560809,2027-02-27,27,Tottenham Hotspur FC,Liverpool FC,1.39,1.85,0.2815,0.2445,0.4741,1-1,A,0.4741
560808,2027-02-27,27,Aston Villa FC,Chelsea FC,1.66,1.43,0.4201,0.2566,0.3233,1-1,H,0.4201
560807,2027-02-27,27,Fulham FC,Leeds United FC,1.32,1.11,0.4025,0.2957,0.3018,1-1,H,0.4025
560804,2027-02-27,27,Ipswich Town FC,Brighton & Hove Albion FC,1.19,2.0,0.2145,0.2334,0.5521,1-1,A,0.5521
560803,2027-02-27,27,Manchester United FC,Arsenal FC,1.03,1.59,0.2351,0.2723,0.4926,1-1,A,0.4926
560806,2027-02-27,27,Everton FC,Nottingham Forest FC,1.24,1.03,0.3993,0.3072,0.2936,1-1,H,0.3993
560805,2027-02-27,27,Coventry City FC,AFC Bournemouth,0.97,1.31,0.264,0.3033,0.4327,1-1,A,0.4327
560802,2027-02-27,27,Crystal Palace FC,Sunderland AFC,1.2,1.0,0.394,0.3131,0.293,1-1,H,0.394
560817,2027-03-03,28,Sunderland AFC,Manchester United FC,1.21,1.26,0.3414,0.2953,0.3633,1-1,A,0.3633
560821,2027-03-03,28,Chelsea FC,Coventry City FC,1.83,0.8,0.6097,0.2416,0.1488,1-0,H,0.6097
560820,2027-03-03,28,Brentford FC,Ipswich Town FC,2.49,0.96,0.7009,0.1807,0.1184,2-0,H,0.7009
560819,2027-03-03,28,Brighton & Hove Albion FC,Fulham FC,1.66,1.09,0.4953,0.2645,0.2402,1-1,H,0.4953
560818,2027-03-03,28,Liverpool FC,Aston Villa FC,2.02,1.25,0.5447,0.2316,0.2236,1-1,H,0.5447
560815,2027-03-03,28,Arsenal FC,Crystal Palace FC,2.06,0.63,0.7018,0.2045,0.0937,2-0,H,0.7018
560813,2027-03-03,28,AFC Bournemouth,Tottenham Hotspur FC,1.84,1.14,0.5284,0.2468,0.2248,1-1,H,0.5284
560812,2027-03-03,28,Nottingham Forest FC,Newcastle United FC,1.46,1.34,0.391,0.2737,0.3353,1-1,H,0.391
560816,2027-03-03,28,Leeds United FC,Hull City AFC,0.94,1.01,0.3119,0.3372,0.3509,0-0,A,0.3509
560814,2027-03-03,28,Manchester City FC,Everton FC,1.93,0.76,0.6403,0.2287,0.131,2-0,H,0.6403
560831,2027-03-13,29,Sunderland AFC,Brentford FC,1.21,1.2,0.3543,0.2995,0.3462,1-1,H,0.3543
560828,2027-03-13,29,Chelsea FC,Arsenal FC,1.06,1.61,0.2401,0.2696,0.4903,1-1,A,0.4903
560827,2027-03-13,29,AFC Bournemouth,Newcastle United FC,1.6,1.37,0.4207,0.2626,0.3167,1-1,H,0.4207
560829,2027-03-13,29,Aston Villa FC,Hull City AFC,1.1,1.06,0.3512,0.3179,0.331,1-1,H,0.3512
560830,2027-03-13,29,Manchester United FC,Everton FC,1.53,1.04,0.4773,0.2777,0.245,1-1,H,0.4773
560826,2027-03-13,29,Coventry City FC,Manchester City FC,0.72,1.78,0.1379,0.2453,0.6169,0-1,A,0.6169
560823,2027-03-13,29,Tottenham Hotspur FC,Nottingham Forest FC,1.4,1.34,0.3746,0.2777,0.3478,1-1,H,0.3746
560822,2027-03-13,29,Leeds United FC,Brighton & Hove Albion FC,1.38,1.26,0.385,0.2833,0.3317,1-1,H,0.385
560825,2027-03-13,29,Liverpool FC,Ipswich Town FC,3.03,0.91,0.7911,0.133,0.0758,3-0,H,0.7911
560824,2027-03-13,29,Crystal Palace FC,Fulham FC,1.33,1.14,0.3969,0.2938,0.3093,1-1,H,0.3969
560837,2027-03-20,30,Fulham FC,Liverpool FC,1.32,1.61,0.3038,0.2641,0.4322,1-1,A,0.4322
560841,2027-03-20,30,Newcastle United FC,Leeds United FC,1.67,1.11,0.4941,0.263,0.2429,1-1,H,0.4941
560840,2027-03-20,30,Everton FC,Tottenham Hotspur FC,1.5,1.03,0.4682,0.2816,0.2503,1-1,H,0.4682
560839,2027-03-20,30,Nottingham Forest FC,Aston Villa FC,1.46,1.25,0.4103,0.2774,0.3123,1-1,H,0.4103
560838,2027-03-20,30,Hull City AFC,Chelsea FC,1.34,0.96,0.4435,0.2997,0.2568,1-1,H,0.4435
560835,2027-03-20,30,Ipswich Town FC,Crystal Palace FC,1.24,1.59,0.287,0.2676,0.4454,1-1,A,0.4454
560834,2027-03-20,30,Manchester City FC,Manchester United FC,2.17,1.01,0.6295,0.2129,0.1576,1-1,H,0.6295
560833,2027-03-20,30,Brighton & Hove Albion FC,Coventry City FC,1.7,0.78,0.5825,0.2577,0.1598,1-0,H,0.5825
560832,2027-03-20,30,Brentford FC,AFC Bournemouth,1.61,1.28,0.4425,0.2647,0.2928,1-1,H,0.4425
560836,2027-03-20,30,Arsenal FC,Sunderland AFC,1.81,0.58,0.664,0.2332,0.1027,1-0,H,0.664
560851,2027-04-10,31,Aston Villa FC,Brighton & Hove Albion FC,1.62,1.33,0.4333,0.2627,0.304,1-1,H,0.4333
560850,2027-04-10,31,Tottenham Hotspur FC,Brentford FC,1.46,1.52,0.3559,0.2641,0.38,1-1,A,0.38
560849,2027-04-10,31,Crystal Palace FC,Everton FC,1.17,1.07,0.3691,0.3112,0.3197,1-1,H,0.3691
560848,2027-04-10,31,AFC Bournemouth,Manchester City FC,1.17,1.7,0.2533,0.2598,0.4869,1-1,A,0.4869
560847,2027-04-10,31,Coventry City FC,Arsenal FC,0.59,1.63,0.1215,0.2596,0.6189,0-1,A,0.6189
560844,2027-04-10,31,Manchester United FC,Hull City AFC,1.17,1.06,0.3714,0.3126,0.316,1-1,H,0.3714
560843,2027-04-10,31,Leeds United FC,Nottingham Forest FC,1.33,1.11,0.4055,0.2948,0.2997,1-1,H,0.4055
560846,2027-04-10,31,Liverpool FC,Newcastle United FC,2.02,1.33,0.5246,0.2323,0.2431,1-1,H,0.5246
560845,2027-04-10,31,Chelsea FC,Fulham FC,1.79,1.12,0.5215,0.2517,0.2267,1-1,H,0.5215
560842,2027-04-10,31,Sunderland AFC,Ipswich Town FC,1.83,0.87,0.5905,0.2446,0.1649,1-1,H,0.5905
560861,2027-04-17,32,Everton FC,AFC Bournemouth,1.27,1.13,0.3846,0.2988,0.3166,1-1,H,0.3846
560860,2027-04-17,32,Newcastle United FC,Tottenham Hotspur FC,2.02,1.17,0.5612,0.2312,0.2077,1-1,H,0.5612
560859,2027-04-17,32,Manchester City FC,Crystal Palace FC,2.25,0.77,0.701,0.1932,0.1058,2-0,H,0.701
560858,2027-04-17,32,Ipswich Town FC,Manchester United FC,1.2,2.09,0.205,0.2255,0.5695,1-1,A,0.5695
560857,2027-04-17,32,Arsenal FC,Aston Villa FC,2.0,0.78,0.6519,0.2208,0.1273,2-0,H,0.6519
560854,2027-04-17,32,Brentford FC,Leeds United FC,1.58,1.11,0.4702,0.2723,0.2575,1-1,H,0.4702
560853,2027-04-17,32,Fulham FC,Sunderland AFC,1.26,0.97,0.4172,0.3091,0.2737,1-1,H,0.4172
560856,2027-04-17,32,Hull City AFC,Coventry City FC,1.36,0.53,0.5639,0.3008,0.1353,1-0,H,0.5639
560855,2027-04-17,32,Nottingham Forest FC,Liverpool FC,1.39,1.54,0.334,0.2663,0.3997,1-1,A,0.3997
560852,2027-04-17,32,Brighton & Hove Albion FC,Chelsea FC,1.68,1.41,0.4291,0.2559,0.315,1-1,H,0.4291
560867,2027-04-24,33,Nottingham Forest FC,Sunderland AFC,1.32,0.93,0.4468,0.3033,0.2499,1-1,H,0.4468
560871,2027-04-24,33,Leeds United FC,Liverpool FC,1.33,1.53,0.3187,0.2692,0.4121,1-1,A,0.4121
560870,2027-04-24,33,Brentford FC,Fulham FC,1.65,1.1,0.4908,0.2651,0.2441,1-1,H,0.4908
560869,2027-04-24,33,Aston Villa FC,Coventry City FC,1.68,0.79,0.5747,0.2605,0.1648,1-0,H,0.5747
560868,2027-04-24,33,Newcastle United FC,Ipswich Town FC,2.64,0.96,0.7259,0.1672,0.1069,2-0,H,0.7259
560865,2027-04-24,33,Manchester United FC,Crystal Palace FC,1.79,1.05,0.5366,0.2515,0.2119,1-1,H,0.5366
560863,2027-04-24,33,AFC Bournemouth,Arsenal FC,0.95,1.56,0.22,0.2763,0.5036,1-1,A,0.5036
560862,2027-04-24,33,Chelsea FC,Manchester City FC,1.31,1.76,0.277,0.2527,0.4703,1-1,A,0.4703
560866,2027-04-24,33,Everton FC,Brighton & Hove Albion FC,1.29,1.17,0.3801,0.2953,0.3246,1-1,H,0.3801
560864,2027-04-24,33,Tottenham Hotspur FC,Hull City AFC,0.99,1.22,0.2852,0.312,0.4029,1-1,A,0.4029
560881,2027-05-01,34,Ipswich Town FC,Leeds United FC,1.15,1.67,0.2504,0.2625,0.4872,1-1,A,0.4872
560878,2027-05-01,34,Liverpool FC,Chelsea FC,2.04,1.36,0.523,0.2306,0.2463,1-1,H,0.523
560880,2027-05-01,34,Crystal Palace FC,Aston Villa FC,1.33,1.35,0.3542,0.2813,0.3645,1-1,A,0.3645
560877,2027-05-01,34,Fulham FC,Everton FC,1.23,1.04,0.392,0.3085,0.2994,1-1,H,0.392
560879,2027-05-01,34,Arsenal FC,Tottenham Hotspur FC,2.3,0.69,0.7283,0.183,0.0887,2-0,H,0.7283
560873,2027-05-01,34,Brighton & Hove Albion FC,Nottingham Forest FC,1.59,1.15,0.4633,0.2704,0.2663,1-1,H,0.4633
560876,2027-05-01,34,Manchester City FC,Brentford FC,2.18,0.97,0.6417,0.2106,0.1477,2-0,H,0.6417
560872,2027-05-01,34,Sunderland AFC,Newcastle United FC,1.21,1.27,0.3399,0.294,0.3661,1-1,A,0.3661
560875,2027-05-01,34,Hull City AFC,AFC Bournemouth,1.3,0.86,0.4558,0.3083,0.2359,1-1,H,0.4558
560874,2027-05-01,34,Coventry City FC,Manchester United FC,0.99,1.42,0.2511,0.2911,0.4579,1-1,A,0.4579
560891,2027-05-08,35,AFC Bournemouth,Manchester United FC,1.6,1.35,0.4223,0.2635,0.3141,1-1,H,0.4223
560890,2027-05-08,35,Everton FC,Hull City AFC,0.88,0.94,0.3076,0.351,0.3413,0-0,D,0.351
560889,2027-05-08,35,Tottenham Hotspur FC,Chelsea FC,1.48,1.65,0.3365,0.2558,0.4077,1-1,A,0.4077
560888,2027-05-08,35,Brighton & Hove Albion FC,Sunderland AFC,1.51,0.96,0.4884,0.2821,0.2295,1-1,H,0.4884
560887,2027-05-08,35,Newcastle United FC,Coventry City FC,1.8,0.79,0.6029,0.246,0.1511,1-0,H,0.6029
560886,2027-05-08,35,Brentford FC,Aston Villa FC,1.66,1.31,0.4466,0.2607,0.2928,1-1,H,0.4466
560885,2027-05-08,35,Nottingham Forest FC,Crystal Palace FC,1.51,1.01,0.4763,0.281,0.2428,1-1,H,0.4763
560884,2027-05-08,35,Fulham FC,Ipswich Town FC,2.09,0.96,0.625,0.2195,0.1555,1-1,H,0.625
560883,2027-05-08,35,Leeds United FC,Arsenal FC,0.83,1.52,0.1935,0.2811,0.5254,0-1,A,0.5254
560882,2027-05-08,35,Manchester City FC,Liverpool FC,2.07,1.18,0.5714,0.2263,0.2023,1-1,H,0.5714
560894,2027-05-15,36,Ipswich Town FC,Manchester City FC,0.88,2.62,0.0962,0.1643,0.7395,0-2,A,0.7395
560893,2027-05-15,36,Liverpool FC,Brentford FC,2.01,1.25,0.5409,0.2324,0.2267,1-1,H,0.5409
560892,2027-05-15,36,Sunderland AFC,AFC Bournemouth,1.19,1.16,0.3544,0.304,0.3417,1-1,H,0.3544
560901,2027-05-15,36,Coventry City FC,Tottenham Hotspur FC,1.14,1.2,0.3337,0.3047,0.3616,1-1,A,0.3616
560895,2027-05-15,36,Arsenal FC,Nottingham Forest FC,1.91,0.69,0.6538,0.2276,0.1186,2-0,H,0.6538
560899,2027-05-15,36,Aston Villa FC,Newcastle United FC,1.64,1.4,0.4222,0.2588,0.319,1-1,H,0.4222
560898,2027-05-15,36,Crystal Palace FC,Brighton & Hove Albion FC,1.31,1.37,0.3461,0.2813,0.3726,1-1,A,0.3726
560900,2027-05-15,36,Chelsea FC,Everton FC,1.58,1.05,0.4867,0.2724,0.2409,1-1,H,0.4867
560896,2027-05-15,36,Hull City AFC,Fulham FC,1.33,0.74,0.4948,0.3069,0.1983,1-0,H,0.4948
560897,2027-05-15,36,Manchester United FC,Leeds United FC,1.65,1.11,0.4906,0.2648,0.2446,1-1,H,0.4906
560909,2027-05-23,37,Fulham FC,Coventry City FC,1.42,0.79,0.5077,0.2943,0.198,1-0,H,0.5077
560911,2027-05-23,37,Manchester City FC,Aston Villa FC,2.19,0.96,0.6452,0.2094,0.1454,2-0,H,0.6452
560908,2027-05-23,37,AFC Bournemouth,Chelsea FC,1.62,1.4,0.4187,0.2604,0.321,1-1,H,0.4187
560907,2027-05-23,37,Nottingham Forest FC,Ipswich Town FC,2.2,0.92,0.6575,0.2064,0.1362,2-0,H,0.6575
560910,2027-05-23,37,Everton FC,Arsenal FC,0.77,1.41,0.1945,0.2956,0.5099,0-1,A,0.5099
560905,2027-05-23,37,Leeds United FC,Sunderland AFC,1.26,0.92,0.43,0.3103,0.2597,1-1,H,0.43
560904,2027-05-23,37,Tottenham Hotspur FC,Manchester United FC,1.46,1.59,0.341,0.2598,0.3993,1-1,A,0.3993
560902,2027-05-23,37,Brentford FC,Hull City AFC,1.11,1.06,0.3545,0.3175,0.328,1-1,H,0.3545
560906,2027-05-23,37,Brighton & Hove Albion FC,Liverpool FC,1.58,1.59,0.3703,0.2545,0.3752,1-1,A,0.3752
560903,2027-05-23,37,Newcastle United FC,Crystal Palace FC,1.81,1.06,0.5403,0.2496,0.2101,1-1,H,0.5403
560918,2027-05-30,38,Manchester United FC,Fulham FC,1.73,1.1,0.5116,0.2572,0.2312,1-1,H,0.5116
560919,2027-05-30,38,Sunderland AFC,Manchester City FC,0.89,1.58,0.2012,0.2742,0.5247,1-1,A,0.5247
560920,2027-05-30,38,Chelsea FC,Brentford FC,1.79,1.33,0.4729,0.2499,0.2772,1-1,H,0.4729
560912,2027-05-30,38,Ipswich Town FC,Everton FC,1.06,1.56,0.2469,0.2742,0.4789,1-1,A,0.4789
560913,2027-05-30,38,Arsenal FC,Brighton & Hove Albion FC,1.97,0.79,0.6437,0.2245,0.1319,2-0,H,0.6437
560914,2027-05-30,38,Liverpool FC,AFC Bournemouth,1.97,1.22,0.5395,0.2359,0.2246,1-1,H,0.5395
560915,2027-05-30,38,Coventry City FC,Nottingham Forest FC,0.95,1.19,0.2789,0.3172,0.4039,1-1,A,0.4039
560916,2027-05-30,38,Aston Villa FC,Tottenham Hotspur FC,1.89,1.17,0.5312,0.2431,0.2258,1-1,H,0.5312
560917,2027-05-30,38,Hull City AFC,Newcastle United FC,1.33,0.94,0.4446,0.3019,0.2535,1-1,H,0.4446
560921,2027-05-30,38,Crystal Palace FC,Leeds United FC,1.26,1.15,0.3786,0.2985,0.3228,1-1,H,0.3786
