match_id,league,date,matchday,stage,home_team,away_team,home_league,away_league,xg_home,xg_away,p_home_win,p_draw,p_away_win,most_likely_score,prediction,confidence,pooled_side
575342,cl,2026-10-13,2.0,LEAGUE_STAGE,Sabah FK,SK Slavia Praha,rest,rest,1.59,1.0,0.5174,0.2362,0.2464,1-0,H,0.5174,True
575341,cl,2026-10-13,2.0,LEAGUE_STAGE,Racing Club de Lens,Sporting Clube de Portugal,fl1,ppl,2.02,1.14,0.5823,0.2008,0.2169,2-1,H,0.5823,False
575348,cl,2026-10-13,2.0,LEAGUE_STAGE,RB Leipzig,PSV,bl1,ded,2.22,1.32,0.5835,0.19,0.2264,2-1,H,0.5835,False
575349,cl,2026-10-13,2.0,LEAGUE_STAGE,Villarreal CF,SSC Napoli,pd,sa,1.98,1.09,0.5868,0.2029,0.2104,2-1,H,0.5868,False
575347,cl,2026-10-13,2.0,LEAGUE_STAGE,Viking FK,FC Bayern München,rest,bl1,1.0,2.46,0.1398,0.1616,0.6986,1-2,A,0.6986,True
575343,cl,2026-10-13,2.0,LEAGUE_STAGE,FC Internazionale Milano,Club Brugge KV,sa,rest,3.32,0.73,0.8614,0.088,0.0506,3-0,H,0.8614,True
575345,cl,2026-10-13,2.0,LEAGUE_STAGE,Club Atlético de Madrid,Manchester United FC,pd,pl,1.77,1.16,0.5251,0.2198,0.255,1-1,H,0.5251,False
575344,cl,2026-10-13,2.0,LEAGUE_STAGE,Galatasaray SK,FC Barcelona,rest,pd,0.99,2.56,0.1294,0.1539,0.7167,0-2,A,0.7167,True
575346,cl,2026-10-13,2.0,LEAGUE_STAGE,Arsenal FC,Lille OSC,pl,fl1,1.86,0.57,0.6899,0.1977,0.1124,1-0,H,0.6899,False
575355,cl,2026-10-14,2.0,LEAGUE_STAGE,Aston Villa FC,Fenerbahçe SK,pl,rest,2.68,0.66,0.8049,0.1239,0.0712,2-0,H,0.8049,True
575358,cl,2026-10-14,2.0,LEAGUE_STAGE,ŠK Slovan Bratislava,VfB Stuttgart,rest,bl1,1.29,1.55,0.3259,0.2335,0.4406,1-1,A,0.4406,True
575356,cl,2026-10-14,2.0,LEAGUE_STAGE,Real Betis Balompié,FC Porto,pd,ppl,1.5,0.98,0.5027,0.2443,0.253,1-0,H,0.5027,False
575354,cl,2026-10-14,2.0,LEAGUE_STAGE,FK Bodø/Glimt,Borussia Dortmund,rest,bl1,1.03,1.57,0.2565,0.2371,0.5064,0-1,A,0.5064,True
575357,cl,2026-10-14,2.0,LEAGUE_STAGE,FK Shakhtar Donetsk,PAE AEK,rest,rest,1.59,1.0,0.5174,0.2362,0.2464,1-0,H,0.5174,True
575352,cl,2026-10-14,2.0,LEAGUE_STAGE,AS Roma,Real Madrid CF,sa,pd,1.46,1.31,0.4158,0.2385,0.3456,1-1,H,0.4158,False
575351,cl,2026-10-14,2.0,LEAGUE_STAGE,Feyenoord Rotterdam,Como 1907,ded,sa,1.51,1.33,0.4218,0.2348,0.3434,1-1,H,0.4218,False
575350,cl,2026-10-14,2.0,LEAGUE_STAGE,LASK Linz,Liverpool FC,rest,pl,0.93,2.03,0.1716,0.1945,0.6339,0-1,A,0.6339,True
575353,cl,2026-10-14,2.0,LEAGUE_STAGE,Manchester City FC,Paris Saint-Germain FC,pl,fl1,2.04,1.03,0.6137,0.1965,0.1898,1-0,H,0.6137,False
575364,cl,2026-10-20,3.0,LEAGUE_STAGE,AS Roma,ŠK Slovan Bratislava,sa,rest,2.46,0.64,0.7773,0.1407,0.082,2-0,H,0.7773,True
575367,cl,2026-10-20,3.0,LEAGUE_STAGE,Paris Saint-Germain FC,FC Barcelona,fl1,pd,2.09,1.43,0.5328,0.1994,0.2678,2-1,H,0.5328,False
575365,cl,2026-10-20,3.0,LEAGUE_STAGE,FC Porto,PSV,ppl,ded,2.08,1.1,0.6043,0.1953,0.2004,2-1,H,0.6043,False
575366,cl,2026-10-20,3.0,LEAGUE_STAGE,SSC Napoli,FK Bodø/Glimt,sa,rest,2.16,0.69,0.7165,0.1717,0.1118,2-0,H,0.7165,True
575363,cl,2026-10-20,3.0,LEAGUE_STAGE,Liverpool FC,Villarreal CF,pl,pd,2.58,1.06,0.7043,0.1562,0.1396,2-1,H,0.7043,False
575361,cl,2026-10-20,3.0,LEAGUE_STAGE,Manchester City FC,PAE AEK,pl,rest,3.63,0.49,0.9203,0.0568,0.0229,3-0,H,0.9203,True
575360,cl,2026-10-20,3.0,LEAGUE_STAGE,Fenerbahçe SK,SK Slavia Praha,rest,rest,1.59,1.0,0.5174,0.2362,0.2464,1-0,H,0.5174,True
575359,cl,2026-10-20,3.0,LEAGUE_STAGE,Sabah FK,Borussia Dortmund,rest,bl1,1.03,1.57,0.2565,0.2371,0.5064,0-1,A,0.5064,True
575362,cl,2026-10-20,3.0,LEAGUE_STAGE,VfB Stuttgart,Club Atlético de Madrid,bl1,pd,1.59,1.4,0.4281,0.2282,0.3438,1-1,H,0.4281,False
575371,cl,2026-10-21,3.0,LEAGUE_STAGE,FC Internazionale Milano,FK Shakhtar Donetsk,sa,rest,3.32,0.73,0.8614,0.088,0.0506,3-0,H,0.8614,True
575372,cl,2026-10-21,3.0,LEAGUE_STAGE,FC Bayern München,Arsenal FC,bl1,pl,1.54,1.29,0.4396,0.2344,0.326,1-1,H,0.4396,False
575370,cl,2026-10-21,3.0,LEAGUE_STAGE,Real Madrid CF,RB Leipzig,pd,bl1,2.49,0.86,0.734,0.1519,0.1141,2-0,H,0.734,False
575373,cl,2026-10-21,3.0,LEAGUE_STAGE,Club Brugge KV,Racing Club de Lens,rest,fl1,1.02,1.62,0.2469,0.233,0.5201,0-1,A,0.5201,True
575369,cl,2026-10-21,3.0,LEAGUE_STAGE,Lille OSC,Galatasaray SK,fl1,rest,2.3,0.58,0.7684,0.1504,0.0811,2-0,H,0.7684,True
575375,cl,2026-10-21,3.0,LEAGUE_STAGE,Sporting Clube de Portugal,LASK Linz,ppl,rest,2.81,0.79,0.7955,0.1233,0.0812,2-0,H,0.7955,True
575376,cl,2026-10-21,3.0,LEAGUE_STAGE,Real Betis Balompié,Feyenoord Rotterdam,pd,ded,2.11,0.94,0.6482,0.1879,0.1639,1-0,H,0.6482,False
575374,cl,2026-10-21,3.0,LEAGUE_STAGE,Aston Villa FC,Viking FK,pl,rest,2.68,0.66,0.8049,0.1239,0.0712,2-0,H,0.8049,True
575368,cl,2026-10-21,3.0,LEAGUE_STAGE,Como 1907,Manchester United FC,sa,pl,1.52,1.3,0.433,0.235,0.332,1-1,H,0.433,False
575379,cl,2026-11-03,4.0,LEAGUE_STAGE,Feyenoord Rotterdam,FC Internazionale Milano,ded,sa,1.51,1.89,0.3151,0.2102,0.4748,1-2,A,0.4748,False
575381,cl,2026-11-03,4.0,LEAGUE_STAGE,Club Atlético de Madrid,FC Bayern München,pd,bl1,1.72,1.59,0.4172,0.2168,0.366,1-1,H,0.4172,False
575380,cl,2026-11-03,4.0,LEAGUE_STAGE,FC Barcelona,Aston Villa FC,pd,pl,2.66,1.05,0.7191,0.1499,0.131,2-1,H,0.7191,False
575383,cl,2026-11-03,4.0,LEAGUE_STAGE,Manchester United FC,AS Roma,pl,sa,1.82,1.01,0.5706,0.2148,0.2145,1-0,H,0.5706,False
575382,cl,2026-11-03,4.0,LEAGUE_STAGE,Villarreal CF,Paris Saint-Germain FC,pd,fl1,1.6,1.69,0.3724,0.2175,0.4101,1-1,A,0.4101,False
575385,cl,2026-11-03,4.0,LEAGUE_STAGE,LASK Linz,ŠK Slovan Bratislava,rest,rest,1.59,1.0,0.5174,0.2362,0.2464,1-0,H,0.5174,True
575378,cl,2026-11-03,4.0,LEAGUE_STAGE,Galatasaray SK,VfB Stuttgart,rest,bl1,1.29,1.55,0.3259,0.2335,0.4406,1-1,A,0.4406,True
575377,cl,2026-11-03,4.0,LEAGUE_STAGE,FK Shakhtar Donetsk,Sporting Clube de Portugal,rest,ppl,1.25,1.77,0.2763,0.2196,0.5041,1-1,A,0.5041,True
575384,cl,2026-11-03,4.0,LEAGUE_STAGE,FK Bodø/Glimt,Lille OSC,rest,fl1,0.91,1.45,0.2451,0.2509,0.5041,0-1,A,0.5041,True
575394,cl,2026-11-04,4.0,LEAGUE_STAGE,Viking FK,Sabah FK,rest,rest,1.59,1.0,0.5174,0.2362,0.2464,1-0,H,0.5174,True
575390,cl,2026-11-04,4.0,LEAGUE_STAGE,PSV,Club Brugge KV,ded,rest,2.7,0.96,0.744,0.1422,0.1138,2-0,H,0.744,True
575388,cl,2026-11-04,4.0,LEAGUE_STAGE,RB Leipzig,Manchester City FC,bl1,pl,1.12,1.78,0.2456,0.2195,0.5349,0-1,A,0.5349,False
575389,cl,2026-11-04,4.0,LEAGUE_STAGE,SK Slavia Praha,Arsenal FC,rest,pl,0.62,2.04,0.1085,0.18,0.7115,0-1,A,0.7115,True
575391,cl,2026-11-04,4.0,LEAGUE_STAGE,Borussia Dortmund,Real Betis Balompié,bl1,pd,1.79,0.95,0.5771,0.217,0.2059,1-0,H,0.5771,False
575392,cl,2026-11-04,4.0,LEAGUE_STAGE,FC Porto,SSC Napoli,ppl,sa,1.49,0.88,0.5237,0.2468,0.2295,1-0,H,0.5237,False
575387,cl,2026-11-04,4.0,LEAGUE_STAGE,Fenerbahçe SK,Liverpool FC,rest,pl,0.93,2.03,0.1716,0.1945,0.6339,0-1,A,0.6339,True
575386,cl,2026-11-04,4.0,LEAGUE_STAGE,PAE AEK,Real Madrid CF,rest,pd,0.94,2.03,0.1734,0.1949,0.6317,0-1,A,0.6317,True
575393,cl,2026-11-04,4.0,LEAGUE_STAGE,Racing Club de Lens,Como 1907,fl1,sa,1.87,0.95,0.5957,0.2097,0.1946,1-0,H,0.5957,False
575400,cl,2026-11-24,5.0,LEAGUE_STAGE,Feyenoord Rotterdam,FC Porto,ded,ppl,1.34,1.23,0.4011,0.2493,0.3497,1-1,H,0.4011,False
575403,cl,2026-11-24,5.0,LEAGUE_STAGE,Como 1907,PAE AEK,sa,rest,2.33,0.73,0.7389,0.1571,0.104,2-0,H,0.7389,True
575402,cl,2026-11-24,5.0,LEAGUE_STAGE,RB Leipzig,Racing Club de Lens,bl1,fl1,1.48,1.25,0.4332,0.2388,0.328,1-1,H,0.4332,False
575397,cl,2026-11-24,5.0,LEAGUE_STAGE,Real Madrid CF,PSV,pd,ded,3.1,1.01,0.789,0.1186,0.0924,3-1,H,0.789,False
575401,cl,2026-11-24,5.0,LEAGUE_STAGE,ŠK Slovan Bratislava,Real Betis Balompié,rest,pd,1.14,1.47,0.3015,0.2437,0.4548,0-1,A,0.4548,True
575399,cl,2026-11-24,5.0,LEAGUE_STAGE,Arsenal FC,Borussia Dortmund,pl,bl1,2.1,0.62,0.7247,0.1729,0.1024,2-0,H,0.7247,False
575395,cl,2026-11-24,5.0,LEAGUE_STAGE,Galatasaray SK,Aston Villa FC,rest,pl,1.04,1.69,0.2404,0.2267,0.5329,0-1,A,0.5329,True
575398,cl,2026-11-24,5.0,LEAGUE_STAGE,Manchester City FC,SSC Napoli,pl,sa,2.52,0.66,0.7824,0.1368,0.0809,2-0,H,0.7824,False
575396,cl,2026-11-24,5.0,LEAGUE_STAGE,FK Bodø/Glimt,LASK Linz,rest,rest,1.59,1.0,0.5174,0.2362,0.2464,1-0,H,0.5174,True
575404,cl,2026-11-25,5.0,LEAGUE_STAGE,Sabah FK,FC Barcelona,rest,pd,0.99,2.56,0.1294,0.1539,0.7167,0-2,A,0.7167,True
575405,cl,2026-11-25,5.0,LEAGUE_STAGE,SK Slavia Praha,Villarreal CF,rest,pd,1.27,1.8,0.2766,0.2174,0.5059,1-1,A,0.5059,True
575406,cl,2026-11-25,5.0,LEAGUE_STAGE,FC Internazionale Milano,VfB Stuttgart,sa,bl1,2.7,1.13,0.7111,0.1504,0.1385,2-1,H,0.7111,False
575407,cl,2026-11-25,5.0,LEAGUE_STAGE,Club Atlético de Madrid,Viking FK,pd,rest,2.72,0.65,0.8117,0.1203,0.068,2-0,H,0.8117,True
575409,cl,2026-11-25,5.0,LEAGUE_STAGE,Club Brugge KV,Liverpool FC,rest,pl,0.93,2.03,0.1716,0.1945,0.6339,0-1,A,0.6339,True
575411,cl,2026-11-25,5.0,LEAGUE_STAGE,Sporting Clube de Portugal,Manchester United FC,ppl,pl,1.83,1.4,0.4832,0.2145,0.3022,1-1,H,0.4832,False
575412,cl,2026-11-25,5.0,LEAGUE_STAGE,FK Shakhtar Donetsk,Fenerbahçe SK,rest,rest,1.59,1.0,0.5174,0.2362,0.2464,1-0,H,0.5174,True
575410,cl,2026-11-25,5.0,LEAGUE_STAGE,Lille OSC,FC Bayern München,fl1,bl1,1.45,1.42,0.3904,0.2345,0.3751,1-1,H,0.3904,False
575408,cl,2026-11-25,5.0,LEAGUE_STAGE,Paris Saint-Germain FC,AS Roma,fl1,sa,2.16,0.87,0.6744,0.1805,0.1451,2-0,H,0.6744,False
575419,cl,2026-12-08,6.0,LEAGUE_STAGE,AS Roma,Sporting Clube de Portugal,sa,ppl,1.93,1.14,0.5646,0.2073,0.2281,2-1,H,0.5646,False
575417,cl,2026-12-08,6.0,LEAGUE_STAGE,FC Bayern München,SK Slavia Praha,bl1,rest,3.9,0.63,0.918,0.0555,0.0266,3-0,H,0.918,True
575421,cl,2026-12-08,6.0,LEAGUE_STAGE,PAE AEK,Galatasaray SK,rest,rest,1.59,1.0,0.5174,0.2362,0.2464,1-0,H,0.5174,True
575420,cl,2026-12-08,6.0,LEAGUE_STAGE,Manchester United FC,RB Leipzig,pl,bl1,2.19,0.95,0.6629,0.1808,0.1564,2-0,H,0.6629,False
575418,cl,2026-12-08,6.0,LEAGUE_STAGE,SSC Napoli,Club Brugge KV,sa,rest,2.16,0.69,0.7165,0.1717,0.1118,2-0,H,0.7165,True
575415,cl,2026-12-08,6.0,LEAGUE_STAGE,FC Barcelona,Manchester City FC,pd,pl,1.97,1.43,0.5073,0.2065,0.2862,2-1,H,0.5073,False
575414,cl,2026-12-08,6.0,LEAGUE_STAGE,Viking FK,Feyenoord Rotterdam,rest,ded,1.44,1.31,0.4095,0.2399,0.3506,1-1,H,0.4095,True
575413,cl,2026-12-08,6.0,LEAGUE_STAGE,Villarreal CF,Sabah FK,pd,rest,2.86,0.8,0.7987,0.121,0.0803,2-0,H,0.7987,True
575416,cl,2026-12-08,6.0,LEAGUE_STAGE,Aston Villa FC,Paris Saint-Germain FC,pl,fl1,1.5,1.39,0.4092,0.2331,0.3576,1-1,H,0.4092,False
575295,cl,2026-12-09,6.0,LEAGUE_STAGE,Liverpool FC,FC Porto,pl,ppl,2.08,0.8,0.6763,0.1845,0.1392,1-0,H,0.6763,False
575322,cl,2026-12-09,6.0,LEAGUE_STAGE,VfB Stuttgart,Lille OSC,bl1,fl1,1.41,1.18,0.4307,0.2463,0.3229,1-1,H,0.4307,False
575315,cl,2026-12-09,6.0,LEAGUE_STAGE,Racing Club de Lens,FK Bodø/Glimt,fl1,rest,2.57,0.65,0.7925,0.1317,0.0758,2-0,H,0.7925,True
575317,cl,2026-12-09,6.0,LEAGUE_STAGE,LASK Linz,Fenerbahçe SK,rest,rest,1.59,1.0,0.5174,0.2362,0.2464,1-0,H,0.5174,True
575286,cl,2026-12-09,6.0,LEAGUE_STAGE,Borussia Dortmund,FC Internazionale Milano,bl1,sa,1.81,1.36,0.4883,0.216,0.2957,1-1,H,0.4883,False
575290,cl,2026-12-09,6.0,LEAGUE_STAGE,PSV,Club Atlético de Madrid,ded,pd,1.75,1.65,0.4127,0.2139,0.3734,1-1,H,0.4127,False
575423,cl,2026-12-09,6.0,LEAGUE_STAGE,ŠK Slovan Bratislava,FK Shakhtar Donetsk,rest,rest,1.59,1.0,0.5174,0.2362,0.2464,1-0,H,0.5174,True
575422,cl,2026-12-09,6.0,LEAGUE_STAGE,Real Betis Balompié,Como 1907,pd,sa,1.69,1.06,0.5296,0.2265,0.244,1-0,H,0.5296,False
575280,cl,2026-12-09,6.0,LEAGUE_STAGE,Arsenal FC,Real Madrid CF,pl,pd,1.92,0.8,0.6438,0.2006,0.1556,1-0,H,0.6438,False
575307,cl,2027-01-19,7.0,LEAGUE_STAGE,PAE AEK,AS Roma,rest,sa,1.02,1.55,0.2572,0.2392,0.5036,0-1,A,0.5036,True
575321,cl,2027-01-19,7.0,LEAGUE_STAGE,Lille OSC,ŠK Slovan Bratislava,fl1,rest,2.3,0.58,0.7684,0.1504,0.0811,2-0,H,0.7684,True
575308,cl,2027-01-19,7.0,LEAGUE_STAGE,FC Porto,SK Slavia Praha,ppl,rest,2.15,0.65,0.7274,0.1692,0.1034,2-0,H,0.7274,True
575302,cl,2027-01-19,7.0,LEAGUE_STAGE,VfB Stuttgart,Club Brugge KV,bl1,rest,2.45,0.82,0.7386,0.1521,0.1093,2-0,H,0.7386,True
575282,cl,2027-01-19,7.0,LEAGUE_STAGE,Real Madrid CF,LASK Linz,pd,rest,3.21,0.59,0.8741,0.0843,0.0417,3-0,H,0.8741,True
575285,cl,2027-01-19,7.0,LEAGUE_STAGE,FC Internazionale Milano,Liverpool FC,sa,pl,1.95,1.48,0.4943,0.2072,0.2985,2-1,H,0.4943,False
575318,cl,2027-01-19,7.0,LEAGUE_STAGE,Galatasaray SK,Feyenoord Rotterdam,rest,ded,1.44,1.31,0.4095,0.2399,0.3506,1-1,H,0.4095,True
575292,cl,2027-01-19,7.0,LEAGUE_STAGE,FK Bodø/Glimt,Club Atlético de Madrid,rest,pd,1.03,1.71,0.2334,0.2245,0.5421,0-1,A,0.5421,True
575303,cl,2027-01-19,7.0,LEAGUE_STAGE,Aston Villa FC,Borussia Dortmund,pl,bl1,1.74,1.03,0.5476,0.222,0.2304,1-0,H,0.5476,False
575297,cl,2027-01-20,7.0,LEAGUE_STAGE,Real Betis Balompié,Arsenal FC,pd,pl,0.92,1.46,0.2442,0.2494,0.5064,0-1,A,0.5064,False
575313,cl,2027-01-20,7.0,LEAGUE_STAGE,RB Leipzig,FK Shakhtar Donetsk,bl1,rest,2.3,0.77,0.7225,0.1628,0.1147,2-0,H,0.7225,True
575288,cl,2027-01-20,7.0,LEAGUE_STAGE,Sporting Clube de Portugal,FC Barcelona,ppl,pd,1.75,2.01,0.3482,0.202,0.4498,1-2,A,0.4498,False
575312,cl,2027-01-20,7.0,LEAGUE_STAGE,Viking FK,PSV,rest,ded,1.53,1.7,0.3537,0.219,0.4273,1-1,A,0.4273,True
575300,cl,2027-01-20,7.0,LEAGUE_STAGE,Manchester United FC,FC Bayern München,pl,bl1,1.79,1.61,0.4308,0.2136,0.3557,1-1,H,0.4308,False
575294,cl,2027-01-20,7.0,LEAGUE_STAGE,Como 1907,Paris Saint-Germain FC,sa,fl1,1.31,1.54,0.3318,0.2338,0.4344,1-1,A,0.4344,False
575320,cl,2027-01-20,7.0,LEAGUE_STAGE,Sabah FK,SSC Napoli,rest,sa,1.1,1.36,0.3107,0.2536,0.4356,0-1,A,0.4356,True
575314,cl,2027-01-20,7.0,LEAGUE_STAGE,Fenerbahçe SK,Villarreal CF,rest,pd,1.27,1.8,0.2766,0.2174,0.5059,1-1,A,0.5059,True
575284,cl,2027-01-20,7.0,LEAGUE_STAGE,Racing Club de Lens,Manchester City FC,fl1,pl,1.25,1.48,0.3271,0.2393,0.4336,1-1,A,0.4336,False
575301,cl,2027-01-27,8.0,LEAGUE_STAGE,Club Brugge KV,FK Bodø/Glimt,rest,rest,1.59,1.0,0.5174,0.2362,0.2464,1-0,H,0.5174,True
575310,cl,2027-01-27,8.0,LEAGUE_STAGE,Villarreal CF,Manchester United FC,pd,pl,1.86,1.43,0.4847,0.2126,0.3027,1-1,H,0.4847,False
575309,cl,2027-01-27,8.0,LEAGUE_STAGE,LASK Linz,FC Porto,rest,ppl,1.02,1.36,0.291,0.2566,0.4524,0-1,A,0.4524,True
575311,cl,2027-01-27,8.0,LEAGUE_STAGE,PSV,VfB Stuttgart,ded,bl1,2.2,1.49,0.5425,0.1936,0.2639,2-1,H,0.5425,False
575306,cl,2027-01-27,8.0,LEAGUE_STAGE,AS Roma,Lille OSC,sa,fl1,1.41,0.93,0.4896,0.254,0.2564,1-0,H,0.4896,False
575305,cl,2027-01-27,8.0,LEAGUE_STAGE,SK Slavia Praha,Aston Villa FC,rest,pl,1.04,1.69,0.2404,0.2267,0.5329,0-1,A,0.5329,True
575304,cl,2027-01-27,8.0,LEAGUE_STAGE,Borussia Dortmund,PAE AEK,bl1,rest,2.49,0.65,0.7808,0.1383,0.081,2-0,H,0.7808,True
575296,cl,2027-01-27,8.0,LEAGUE_STAGE,Liverpool FC,Racing Club de Lens,pl,fl1,2.08,0.95,0.6386,0.191,0.1704,1-0,H,0.6386,False
575281,cl,2027-01-27,8.0,LEAGUE_STAGE,FK Shakhtar Donetsk,Real Madrid CF,rest,pd,0.94,2.03,0.1734,0.1949,0.6317,0-1,A,0.6317,True
575291,cl,2027-01-27,8.0,LEAGUE_STAGE,Club Atlético de Madrid,Fenerbahçe SK,pd,rest,2.72,0.65,0.8117,0.1203,0.068,2-0,H,0.8117,True
575289,cl,2027-01-27,8.0,LEAGUE_STAGE,FC Barcelona,Como 1907,pd,sa,2.95,0.92,0.7873,0.1225,0.0901,2-0,H,0.7873,False
575287,cl,2027-01-27,8.0,LEAGUE_STAGE,ŠK Slovan Bratislava,FC Internazionale Milano,rest,sa,1.15,2.09,0.2096,0.1955,0.595,1-2,A,0.595,True
575283,cl,2027-01-27,8.0,LEAGUE_STAGE,Manchester City FC,Sporting Clube de Portugal,pl,ppl,2.86,0.86,0.7871,0.1248,0.0881,2-0,H,0.7871,False
575316,cl,2027-01-27,8.0,LEAGUE_STAGE,Feyenoord Rotterdam,RB Leipzig,ded,bl1,1.6,1.31,0.4498,0.2295,0.3207,1-1,H,0.4498,False
575293,cl,2027-01-27,8.0,LEAGUE_STAGE,Paris Saint-Germain FC,Galatasaray SK,fl1,rest,3.35,0.56,0.8905,0.0747,0.0348,3-0,H,0.8905,True
575299,cl,2027-01-27,8.0,LEAGUE_STAGE,FC Bayern München,Real Betis Balompié,bl1,pd,2.8,0.93,0.7665,0.1327,0.1007,2-0,H,0.7665,False
575298,cl,2027-01-27,8.0,LEAGUE_STAGE,Arsenal FC,Sabah FK,pl,rest,3.23,0.39,0.9067,0.0688,0.0245,3-0,H,0.9067,True
575319,cl,2027-01-27,8.0,LEAGUE_STAGE,SSC Napoli,Viking FK,sa,rest,2.16,0.69,0.7165,0.1717,0.1118,2-0,H,0.7165,True
